,Source,Dest,Number of SP,SP length,Disparity
0,48,46,1,1,0.0
1,48,60,1,1,0.0
2,48,68,1,1,0.0
3,48,98,1,1,0.0
4,48,52,3,2,66.66666666666667
5,48,84,3,2,66.66666666666667
6,48,8,2,2,50.0
7,48,88,2,2,50.0
8,48,1,7,3,76.19142857142857
9,48,27,7,3,76.19142857142857
10,48,24,1,2,0.0
11,48,43,5,6,43.334
12,46,60,1,1,0.0
13,46,68,1,1,0.0
14,46,98,1,2,0.0
15,46,52,1,1,0.0
16,46,84,1,1,0.0
17,46,8,1,1,0.0
18,46,88,2,3,33.335
19,46,1,2,2,50.0
20,46,27,2,2,50.0
21,46,24,1,3,0.0
22,46,43,1,5,0.0
23,60,68,1,1,0.0
24,60,98,2,2,50.0
25,60,52,1,1,0.0
26,60,84,1,1,0.0
27,60,8,1,1,0.0
28,60,88,4,3,58.335
29,60,1,2,2,50.0
30,60,27,2,2,50.0
31,60,24,2,3,33.335
32,60,43,1,5,0.0
33,68,98,3,2,66.66666666666667
34,68,52,3,2,66.66666666666667
35,68,84,3,2,66.66666666666667
36,68,8,2,2,50.0
37,68,88,6,3,66.66833333333334
38,68,1,7,3,76.19142857142857
39,68,27,12,3,86.11166666666668
40,68,24,3,3,44.446666666666665
41,68,43,5,6,43.334
42,98,52,7,3,71.42999999999999
43,98,84,7,3,71.42999999999999
44,98,8,3,3,55.55666666666667
45,98,88,1,1,0.0
46,98,1,19,4,72.36842105263158
47,98,27,19,4,72.36842105263158
48,98,24,1,1,0.0
49,98,43,17,7,45.37823529411765
50,52,84,1,1,0.0
51,52,8,3,2,66.66666666666667
52,52,88,13,4,69.23076923076923
53,52,1,1,1,0.0
54,52,27,1,1,0.0
55,52,24,7,4,53.57142857142857
56,52,43,1,4,0.0
57,84,8,1,1,0.0
58,84,88,13,4,69.23076923076923
59,84,1,1,1,0.0
60,84,27,1,1,0.0
61,84,24,7,4,53.57142857142857
62,84,43,5,5,40.0
63,8,88,6,4,58.333333333333336
64,8,1,1,2,0.0
65,8,27,1,2,0.0
66,8,24,3,4,41.666666666666664
67,8,43,7,6,42.857142857142854
68,88,1,34,5,70.0
69,88,27,34,5,70.0
70,88,24,1,1,0.0
71,88,43,29,8,47.41379310344828
72,1,27,3,2,66.66666666666667
73,1,24,19,5,57.89473684210526
74,1,43,2,4,25.0
75,27,24,19,5,57.89473684210526
76,27,43,3,5,33.333333333333336
77,24,43,17,8,39.705882352941174
78,25,13,1,1,0.0
79,14,72,1,1,0.0
80,20,15,1,1,0.0
81,20,28,1,1,0.0
82,20,74,1,1,0.0
83,20,96,1,1,0.0
84,15,28,1,2,0.0
85,15,74,1,1,0.0
86,15,96,1,2,0.0
87,28,74,1,2,0.0
88,28,96,1,2,0.0
89,74,96,1,2,0.0
90,22,34,1,1,0.0
91,22,56,1,1,0.0
92,22,90,1,1,0.0
93,22,6,1,1,0.0
94,22,69,2,2,50.0
95,22,70,1,2,0.0
96,22,55,42,5,72.38095238095238
97,22,63,1,4,0.0
98,22,64,12,8,32.291666666666664
99,34,56,3,2,66.66666666666667
100,34,90,1,1,0.0
101,34,6,1,1,0.0
102,34,69,1,2,0.0
103,34,70,16,3,85.4175
104,34,55,2,4,37.5
105,34,63,3,4,33.333333333333336
106,34,64,28,8,42.410714285714285
107,56,90,1,1,0.0
108,56,6,1,1,0.0
109,56,69,1,1,0.0
110,56,70,1,1,0.0
111,56,55,6,4,66.66666666666667
112,56,63,1,3,0.0
113,56,64,60,8,56.458333333333336
114,90,6,1,1,0.0
115,90,69,1,1,0.0
116,90,70,4,2,75.0
117,90,55,20,4,73.75
118,90,63,16,4,64.0625
119,90,64,12,7,36.905
120,6,69,4,2,75.0
121,6,70,3,2,66.66666666666667
122,6,55,12,4,68.75
123,6,63,13,4,63.46153846153846
124,6,64,274,8,65.60218978102189
125,69,70,1,1,0.0
126,69,55,1,3,0.0
127,69,63,2,3,33.335
128,69,64,4,7,25.0
129,70,55,2,3,50.0
130,70,63,1,2,0.0
131,70,64,4,7,25.0
132,55,63,3,4,41.666666666666664
133,55,64,4,6,29.165
134,63,64,4,8,21.875
135,29,10,1,1,0.0
136,18,67,9,5,55.55555555555556
137,31,89,1,1,0.0
138,31,91,1,1,0.0
139,31,19,1,5,0.0
140,31,82,1,2,0.0
141,31,73,1,5,0.0
142,31,12,1,7,0.0
143,89,91,1,1,0.0
144,89,19,1,4,0.0
145,89,82,1,2,0.0
146,89,73,1,4,0.0
147,89,12,1,6,0.0
148,91,19,4,5,35.0
149,91,82,1,1,0.0
150,91,73,4,5,35.0
151,91,12,4,7,25.0
152,19,82,4,6,29.165
153,19,73,1,1,0.0
154,19,12,2,4,37.5
155,82,73,4,6,29.165
156,82,12,4,8,21.875
157,73,12,2,4,37.5
158,17,58,1,1,0.0
159,17,59,1,1,0.0
160,17,78,1,1,0.0
161,17,23,6,4,54.166666666666664
162,17,51,1,2,0.0
163,17,16,46,5,80.43478260869566
164,17,79,1,7,0.0
165,17,81,12,5,61.666666666666664
166,58,59,1,2,0.0
167,58,78,1,2,0.0
168,58,23,6,5,43.333333333333336
169,58,51,1,3,0.0
170,58,16,46,6,67.02847826086955
171,58,79,1,8,0.0
172,58,81,12,6,51.389166666666675
173,59,78,2,2,50.0
174,59,23,1,4,0.0
175,59,51,3,3,55.55666666666667
176,59,16,17,5,63.529411764705884
177,59,79,7,8,41.07142857142857
178,59,81,2,5,20.0
179,78,23,3,3,44.446666666666665
180,78,51,1,1,0.0
181,78,16,18,4,83.33333333333333
182,78,79,1,6,0.0
183,78,81,7,4,60.714285714285715
184,23,51,1,2,0.0
185,23,16,1,1,0.0
186,23,79,13,6,48.71846153846155
187,23,81,2,3,33.335
188,51,16,3,3,55.55666666666667
189,51,79,1,5,0.0
190,51,81,4,3,58.335
191,16,79,1,6,0.0
192,16,81,13,4,69.23076923076923
193,79,81,1,4,0.0
194,97,30,1,1,0.0
195,97,33,1,1,0.0
196,97,39,1,1,0.0
197,97,62,1,1,0.0
198,97,71,1,1,0.0
199,97,80,1,1,0.0
200,97,87,1,1,0.0
201,97,42,1,1,0.0
202,97,45,1,2,0.0
203,97,7,2,2,50.0
204,97,66,1,1,0.0
205,97,26,6,4,62.5
206,97,9,1,1,0.0
207,97,57,3,2,66.66666666666667
208,97,77,2,2,50.0
209,97,83,2,4,25.0
210,97,93,1,3,0.0
211,97,94,2,3,33.335
212,30,33,1,1,0.0
213,30,39,7,2,85.71428571428571
214,30,62,1,1,0.0
215,30,71,1,1,0.0
216,30,80,1,1,0.0
217,30,87,1,1,0.0
218,30,42,1,1,0.0
219,30,45,1,1,0.0
220,30,7,1,2,0.0
221,30,66,1,1,0.0
222,30,26,7,4,67.85714285714286
223,30,9,1,1,0.0
224,30,57,3,2,66.66666666666667
225,30,77,2,2,50.0
226,30,83,1,4,0.0
227,30,93,1,2,0.0
228,30,94,1,3,0.0
229,33,39,1,1,0.0
230,33,62,1,1,0.0
231,33,71,1,1,0.0
232,33,80,1,1,0.0
233,33,87,1,1,0.0
234,33,42,1,1,0.0
235,33,45,2,2,50.0
236,33,7,1,2,0.0
237,33,66,6,2,83.33333333333333
238,33,26,1,3,0.0
239,33,9,5,2,80.0
240,33,57,1,2,0.0
241,33,77,1,2,0.0
242,33,83,1,4,0.0
243,33,93,2,3,33.335
244,33,94,1,3,0.0
245,39,62,1,1,0.0
246,39,71,5,2,80.0
247,39,80,1,1,0.0
248,39,87,1,1,0.0
249,39,42,1,1,0.0
250,39,45,11,3,81.8190909090909
251,39,7,1,1,0.0
252,39,66,1,1,0.0
253,39,26,2,4,25.0
254,39,9,5,2,80.0
255,39,57,2,2,50.0
256,39,77,2,2,50.0
257,39,83,1,3,0.0
258,39,93,11,4,61.36363636363637
259,39,94,1,2,0.0
260,62,71,1,1,0.0
261,62,80,1,1,0.0
262,62,87,1,1,0.0
263,62,42,1,1,0.0
264,62,45,2,2,50.0
265,62,7,1,2,0.0
266,62,66,7,2,85.71428571428571
267,62,26,8,4,71.875
268,62,9,6,2,83.33333333333333
269,62,57,2,2,50.0
270,62,77,2,2,50.0
271,62,83,1,4,0.0
272,62,93,2,3,33.335
273,62,94,1,3,0.0
274,71,80,6,2,83.33333333333333
275,71,87,5,2,80.0
276,71,42,1,1,0.0
277,71,45,2,2,50.0
278,71,7,8,3,70.83500000000001
279,71,66,3,2,66.66666666666667
280,71,26,4,3,58.33500000000001
281,71,9,3,2,66.66666666666667
282,71,57,14,3,83.3342857142857
283,71,77,10,3,80.001
284,71,83,8,5,42.5
285,71,93,2,3,33.335
286,71,94,8,4,53.125
287,80,87,1,1,0.0
288,80,42,1,1,0.0
289,80,45,3,2,66.66666666666667
290,80,7,2,2,50.0
291,80,66,1,1,0.0
292,80,26,2,4,25.0
293,80,9,1,1,0.0
294,80,57,1,1,0.0
295,80,77,4,2,75.0
296,80,83,2,4,25.0
297,80,93,3,3,44.446666666666665
298,80,94,2,3,33.335
299,87,42,1,1,0.0
300,87,45,1,2,0.0
301,87,7,3,2,66.66666666666667
302,87,66,1,1,0.0
303,87,26,1,4,0.0
304,87,9,1,1,0.0
305,87,57,5,2,80.0
306,87,77,1,1,0.0
307,87,83,5,4,50.0
308,87,93,1,3,0.0
309,87,94,5,3,66.668
310,42,45,1,2,0.0
311,42,7,2,2,50.0
312,42,66,1,1,0.0
313,42,26,7,4,67.85714285714286
314,42,9,1,1,0.0
315,42,57,4,2,75.0
316,42,77,3,2,66.66666666666667
317,42,83,2,4,25.0
318,42,93,1,3,0.0
319,42,94,2,3,33.335
320,45,7,1,3,0.0
321,45,66,1,2,0.0
322,45,26,1,4,0.0
323,45,9,2,2,50.0
324,45,57,6,3,72.22333333333334
325,45,77,2,3,33.335
326,45,83,1,5,0.0
327,45,93,1,1,0.0
328,45,94,1,4,0.0
329,7,66,1,1,0.0
330,7,26,2,5,20.0
331,7,9,1,2,0.0
332,7,57,1,2,0.0
333,7,77,1,2,0.0
334,7,83,1,2,0.0
335,7,93,1,4,0.0
336,7,94,1,1,0.0
337,66,26,25,5,66.4
338,66,9,1,1,0.0
339,66,57,1,1,0.0
340,66,77,1,1,0.0
341,66,83,1,3,0.0
342,66,93,1,3,0.0
343,66,94,1,2,0.0
344,26,9,24,5,65.83333333333333
345,26,57,2,5,20.0
346,26,77,1,5,0.0
347,26,83,2,7,14.285
348,26,93,1,5,0.0
349,26,94,2,6,16.665
350,9,57,1,1,0.0
351,9,77,4,2,75.0
352,9,83,1,4,0.0
353,9,93,2,3,33.335
354,9,94,1,3,0.0
355,57,77,1,1,0.0
356,57,83,1,4,0.0
357,57,93,6,4,54.166666666666664
358,57,94,1,3,0.0
359,77,83,1,4,0.0
360,77,93,2,4,25.0
361,77,94,1,3,0.0
362,83,93,1,6,0.0
363,83,94,1,1,0.0
364,93,94,1,5,0.0
365,11,5,1,1,0.0
366,11,40,1,1,0.0
367,11,41,1,1,0.0
368,11,50,1,1,0.0
369,11,44,3,2,66.66666666666667
370,11,35,3,4,33.333333333333336
371,11,36,1,2,0.0
372,11,2,1,1,0.0
373,11,95,9,6,46.29666666666667
374,5,40,1,1,0.0
375,5,41,1,1,0.0
376,5,50,4,2,75.0
377,5,44,1,1,0.0
378,5,35,3,3,44.446666666666665
379,5,36,1,2,0.0
380,5,2,2,2,50.0
381,5,95,6,6,38.88833333333333
382,40,41,1,1,0.0
383,40,50,2,2,50.0
384,40,44,1,1,0.0
385,40,35,4,4,37.5
386,40,36,1,2,0.0
387,40,2,2,2,50.0
388,40,95,26,7,49.45076923076924
389,41,50,1,1,0.0
390,41,44,1,1,0.0
391,41,35,4,4,37.5
392,41,36,1,1,0.0
393,41,2,1,1,0.0
394,41,95,4,6,37.5
395,50,44,1,2,0.0
396,50,35,2,4,25.0
397,50,36,1,2,0.0
398,50,2,1,1,0.0
399,50,95,3,5,33.333333333333336
400,44,35,1,3,0.0
401,44,36,1,2,0.0
402,44,2,1,2,0.0
403,44,95,11,7,51.94818181818182
404,35,36,4,5,30.0
405,35,2,9,5,51.111111111111114
406,35,95,1,6,0.0
407,36,2,1,2,0.0
408,36,95,4,7,32.1425
409,2,95,3,6,27.776666666666667
410,32,0,1,1,0.0
411,32,75,1,1,0.0
412,32,38,3,5,26.666666666666668
413,32,65,1,2,0.0
414,0,75,1,1,0.0
415,0,38,3,5,26.666666666666668
416,0,65,1,2,0.0
417,75,38,3,4,33.333333333333336
418,75,65,1,1,0.0
419,38,65,3,4,33.333333333333336
420,0,1,4,6,29.165
421,0,2,8,6,41.666250000000005
422,0,5,22,6,62.121818181818185
423,0,6,4,4,50.0
424,0,7,2,4,25.0
425,0,8,2,6,16.665
426,0,9,2,3,33.335
427,0,11,26,6,60.25615384615384
428,0,12,1,3,0.0
429,0,14,4,5,35.0
430,0,15,29,7,59.6041379310345
431,0,16,11,5,49.09090909090909
432,0,17,1,6,0.0
433,0,18,23,6,61.59521739130433
434,0,19,3,5,40.0
435,0,20,2,7,14.285
436,0,22,1,4,0.0
437,0,23,3,4,33.333333333333336
438,0,24,1,7,0.0
439,0,26,25,7,57.71200000000001
440,0,27,19,5,54.73684210526316
441,0,28,2,8,12.5
442,0,30,9,4,58.333333333333336
443,0,31,1,8,0.0
444,0,32,1,1,0.0
445,0,33,6,4,58.333333333333336
446,0,34,22,5,58.18181818181818
447,0,35,19,6,57.01947368421052
448,0,36,9,7,39.68333333333334
449,0,38,3,5,26.666666666666668
450,0,39,7,4,57.142857142857146
451,0,40,76,7,62.029210526315794
452,0,41,9,6,46.29555555555556
453,0,42,1,3,0.0
454,0,43,2,9,11.11
455,0,44,54,7,69.83925925925925
456,0,45,18,5,58.888888888888886
457,0,46,21,6,56.34904761904762
458,0,48,18,6,51.852222222222224
459,0,50,8,5,42.5
460,0,51,1,4,0.0
461,0,52,2,5,20.0
462,0,55,3,5,40.0
463,0,56,1,3,0.0
464,0,57,1,2,0.0
465,0,58,1,7,0.0
466,0,59,19,7,66.16473684210526
467,0,60,22,6,57.57545454545454
468,0,62,1,3,0.0
469,0,63,4,4,37.5
470,0,64,4,9,19.4425
471,0,65,1,2,0.0
472,0,66,2,3,33.335
473,0,67,2,5,20.0
474,0,68,17,5,54.11764705882353
475,0,69,1,3,0.0
476,0,70,1,2,0.0
477,0,71,2,4,25.0
478,0,72,4,4,43.75
479,0,73,3,5,40.0
480,0,74,2,6,16.665
481,0,75,1,1,0.0
482,0,77,3,3,44.446666666666665
483,0,78,1,5,0.0
484,0,79,1,5,0.0
485,0,80,2,3,33.335
486,0,81,1,3,0.0
487,0,82,4,9,19.4425
488,0,83,2,6,16.665
489,0,84,2,5,20.0
490,0,87,1,3,0.0
491,0,88,2,7,14.285
492,0,89,1,7,0.0
493,0,90,4,4,37.5
494,0,91,4,8,21.875
495,0,93,18,6,49.07444444444445
496,0,94,2,5,20.0
497,0,95,1,4,0.0
498,0,96,2,8,12.5
499,0,97,9,4,58.333333333333336
500,0,98,1,6,0.0
501,1,2,7,4,53.57142857142857
502,1,5,3,2,66.66666666666667
503,1,6,5,3,66.668
504,1,7,41,5,74.63414634146342
505,1,8,1,2,0.0
506,1,9,6,4,50.0
507,1,11,3,3,44.446666666666665
508,1,12,27,6,71.60444444444444
509,1,14,7,5,51.42857142857143
510,1,15,1,1,0.0
511,1,16,5,3,66.668
512,1,17,15,4,73.33333333333333
513,1,18,1,1,0.0
514,1,19,12,5,53.333333333333336
515,1,20,2,2,50.0
516,1,22,10,4,65.0
517,1,23,5,3,66.668
518,1,24,19,5,57.89473684210526
519,1,26,1,1,0.0
520,1,27,3,2,66.66666666666667
521,1,28,2,3,33.335
522,1,30,2,3,33.335
523,1,31,15,6,48.889333333333326
524,1,32,4,6,29.165
525,1,33,5,3,66.668
526,1,34,12,4,70.83333333333333
527,1,35,1,2,0.0
528,1,36,4,4,37.5
529,1,38,10,4,65.0
530,1,39,23,4,84.78260869565217
531,1,40,4,3,50.0025
532,1,41,4,3,50.0025
533,1,42,2,3,33.335
534,1,43,2,4,25.0
535,1,44,1,2,0.0
536,1,45,7,4,64.28571428571429
537,1,46,2,2,50.0
538,1,48,7,3,76.19142857142857
539,1,50,19,4,72.36842105263158
540,1,51,12,4,66.66666666666667
541,1,52,1,1,0.0
542,1,55,12,5,53.333333333333336
543,1,56,12,4,70.83333333333333
544,1,57,34,5,81.17647058823529
545,1,58,15,5,58.666666666666664
546,1,59,7,4,57.142857142857146
547,1,60,2,2,50.0
548,1,62,2,3,33.335
549,1,63,29,6,73.56275862068965
550,1,64,64,7,57.588906249999994
551,1,65,4,5,35.0
552,1,66,6,4,50.0
553,1,67,65,6,68.46169230769232
554,1,68,7,3,76.19142857142857
555,1,69,19,4,76.3157894736842
556,1,70,4,4,43.75
557,1,71,2,2,50.0
558,1,72,7,4,64.28571428571429
559,1,73,12,5,53.333333333333336
560,1,74,1,1,0.0
561,1,75,4,5,35.0
562,1,77,23,5,80.0
563,1,78,5,3,66.668
564,1,79,27,8,53.7037037037037
565,1,80,18,4,80.55555555555556
566,1,81,6,5,40.0
567,1,82,64,7,57.588906249999994
568,1,83,65,7,58.68076923076923
569,1,84,1,1,0.0
570,1,87,13,4,80.76923076923077
571,1,88,34,5,70.0
572,1,89,15,5,58.666666666666664
573,1,90,5,3,66.668
574,1,91,64,6,67.1871875
575,1,93,7,5,51.42857142857143
576,1,94,65,6,68.46169230769232
577,1,95,27,7,61.374814814814826
578,1,96,2,3,33.335
579,1,97,2,3,33.335
580,1,98,19,4,72.36842105263158
581,2,5,2,2,50.0
582,2,6,3,4,33.333333333333336
583,2,7,2,3,33.335
584,2,8,15,4,73.33333333333333
585,2,9,8,4,56.25
586,2,11,1,1,0.0
587,2,12,3,5,33.333333333333336
588,2,14,1,5,0.0
589,2,15,3,4,41.666666666666664
590,2,16,2,4,25.0
591,2,17,1,2,0.0
592,2,18,3,3,55.55666666666667
593,2,19,1,3,0.0
594,2,20,8,5,52.5
595,2,22,11,5,74.54545454545455
596,2,23,1,3,0.0
597,2,24,1,3,0.0
598,2,26,15,5,53.333333333333336
599,2,27,9,4,63.888888888888886
600,2,28,8,6,43.75
601,2,30,10,4,82.5
602,2,31,1,4,0.0
603,2,32,8,6,35.415
604,2,33,1,3,0.0
605,2,34,21,5,78.0952380952381
606,2,35,9,5,51.111111111111114
607,2,36,1,2,0.0
608,2,38,1,4,0.0
609,2,39,1,2,0.0
610,2,40,2,2,50.0
611,2,41,1,1,0.0
612,2,42,1,3,0.0
613,2,43,8,7,37.5
614,2,44,1,2,0.0
615,2,45,14,5,75.71428571428571
616,2,46,4,3,58.335
617,2,48,2,2,50.0
618,2,50,1,1,0.0
619,2,51,1,2,0.0
620,2,52,2,3,33.335
621,2,55,1,3,0.0
622,2,56,1,4,0.0
623,2,57,2,4,25.0
624,2,58,1,3,0.0
625,2,59,3,3,55.55666666666667
626,2,60,9,3,74.07555555555557
627,2,62,1,3,0.0
628,2,63,4,5,35.0
629,2,64,4,5,35.0
630,2,65,11,5,49.09090909090909
631,2,66,1,3,0.0
632,2,67,4,4,50.0
633,2,68,2,2,50.0
634,2,69,6,4,45.833333333333336
635,2,70,6,4,45.833333333333336
636,2,71,11,4,77.27272727272727
637,2,72,1,4,0.0
638,2,73,1,3,0.0
639,2,74,5,4,50.0
640,2,75,8,5,42.5
641,2,77,3,4,41.666666666666664
642,2,78,3,2,66.66666666666667
643,2,79,3,7,23.810000000000002
644,2,80,1,3,0.0
645,2,81,1,4,0.0
646,2,82,4,5,35.0
647,2,83,4,5,40.0
648,2,84,2,3,33.335
649,2,87,2,3,33.335
650,2,88,2,3,33.335
651,2,89,1,3,0.0
652,2,90,7,4,75.0
653,2,91,4,4,43.75
654,2,93,14,6,63.095714285714294
655,2,94,4,4,50.0
656,2,95,3,6,27.776666666666667
657,2,96,8,6,43.75
658,2,97,3,3,55.55666666666667
659,2,98,1,2,0.0
660,5,6,5,3,66.668
661,5,7,3,3,55.55666666666667
662,5,8,2,2,50.0
663,5,9,1,3,0.0
664,5,11,1,1,0.0
665,5,12,6,5,46.666666666666664
666,5,14,11,5,61.81818181818182
667,5,15,1,2,0.0
668,5,16,5,3,66.668
669,5,17,3,2,66.66666666666667
670,5,18,1,1,0.0
671,5,19,2,3,33.335
672,5,20,3,3,55.55666666666667
673,5,22,11,4,68.18181818181819
674,5,23,6,3,72.22333333333334
675,5,24,4,3,50.0025
676,5,26,6,3,61.11333333333334
677,5,27,3,2,66.66666666666667
678,5,28,3,4,41.666666666666664
679,5,30,3,3,55.55666666666667
680,5,31,3,4,33.333333333333336
681,5,32,22,6,57.57545454545454
682,5,33,7,3,76.19142857142857
683,5,34,14,4,75.0
684,5,35,3,3,44.446666666666665
685,5,36,1,2,0.0
686,5,38,11,4,68.18181818181819
687,5,39,1,2,0.0
688,5,40,1,1,0.0
689,5,41,1,1,0.0
690,5,42,4,3,66.6675
691,5,43,3,5,33.333333333333336
692,5,44,1,1,0.0
693,5,45,8,4,68.75
694,5,46,5,2,80.0
695,5,48,1,1,0.0
696,5,50,4,2,75.0
697,5,51,2,2,50.0
698,5,52,1,1,0.0
699,5,55,2,3,33.335
700,5,56,15,4,76.66666666666667
701,5,57,5,4,50.0
702,5,58,3,3,44.446666666666665
703,5,59,1,2,0.0
704,5,60,1,1,0.0
705,5,62,4,3,66.6675
706,5,63,8,5,47.5
707,5,64,13,5,53.84615384615385
708,5,65,28,5,70.71428571428571
709,5,66,2,3,33.335
710,5,67,7,4,67.85714285714286
711,5,68,1,1,0.0
712,5,69,31,4,84.6774193548387
713,5,70,17,4,70.58823529411765
714,5,71,2,2,50.0
715,5,72,11,4,77.27272727272727
716,5,73,2,3,33.335
717,5,74,2,2,50.0
718,5,75,22,5,69.0909090909091
719,5,77,6,4,58.333333333333336
720,5,78,1,1,0.0
721,5,79,6,7,33.333333333333336
722,5,80,2,3,33.335
723,5,81,2,4,25.0
724,5,82,13,5,53.84615384615385
725,5,83,7,5,54.285714285714285
726,5,84,1,1,0.0
727,5,87,4,3,58.33500000000001
728,5,88,7,3,71.42999999999999
729,5,89,3,3,44.446666666666665
730,5,90,6,3,72.22333333333334
731,5,91,13,4,67.3076923076923
732,5,93,8,5,55.0
733,5,94,7,4,67.85714285714286
734,5,95,6,6,38.88833333333333
735,5,96,3,4,41.666666666666664
736,5,97,1,2,0.0
737,5,98,4,2,75.0
738,6,7,5,3,66.668
739,6,8,2,3,33.335
740,6,9,3,2,66.66666666666667
741,6,11,17,4,85.29411764705883
742,6,12,14,4,76.78571428571429
743,6,14,1,2,0.0
744,6,15,1,3,0.0
745,6,16,3,2,66.66666666666667
746,6,17,67,5,84.77611940298507
747,6,18,1,2,0.0
748,6,19,12,4,68.75
749,6,20,4,4,56.25
750,6,22,1,1,0.0
751,6,23,5,2,80.0
752,6,24,73,6,69.17739726027398
753,6,26,1,3,0.0
754,6,27,1,1,0.0
755,6,28,4,5,45.0
756,6,30,1,1,0.0
757,6,31,67,7,60.554328358208956
758,6,32,4,4,50.0
759,6,33,1,1,0.0
760,6,34,1,1,0.0
761,6,35,1,2,0.0
762,6,36,9,5,53.333333333333336
763,6,38,8,3,75.00125
764,6,39,3,2,66.66666666666667
765,6,40,6,4,50.0
766,6,41,9,4,66.66666666666667
767,6,42,6,2,83.33333333333333
768,6,43,4,6,37.5
769,6,44,1,3,0.0
770,6,45,1,1,0.0
771,6,46,4,3,58.335
772,6,48,22,4,84.0909090909091
773,6,50,3,3,44.446666666666665
774,6,51,7,3,71.43
775,6,52,2,2,50.0
776,6,55,12,4,68.75
777,6,56,1,1,0.0
778,6,57,1,2,0.0
779,6,58,67,6,70.64597014925371
780,6,59,22,5,67.27272727272727
781,6,60,4,3,58.335
782,6,62,1,1,0.0
783,6,63,13,4,63.46153846153846
784,6,64,274,8,65.60218978102189
785,6,65,4,3,66.6675
786,6,66,2,2,50.0
787,6,67,5,4,50.0
788,6,68,9,3,77.77888888888889
789,6,69,4,2,75.0
790,6,70,3,2,66.66666666666667
791,6,71,1,1,0.0
792,6,72,1,1,0.0
793,6,73,12,4,68.75
794,6,74,3,3,55.55666666666667
795,6,75,4,3,66.6675
796,6,77,10,3,80.001
797,6,78,28,4,89.28571428571429
798,6,79,14,6,51.191428571428574
799,6,80,1,1,0.0
800,6,81,3,3,55.55666666666667
801,6,82,274,8,65.60218978102189
802,6,83,5,5,40.0
803,6,84,2,2,50.0
804,6,87,4,2,75.0
805,6,88,140,6,78.68971428571429
806,6,89,67,6,70.64597014925371
807,6,90,1,1,0.0
808,6,91,274,7,74.97266423357665
809,6,93,1,2,0.0
810,6,94,5,4,50.0
811,6,95,14,5,61.42857142857143
812,6,96,4,5,45.0
813,6,97,6,2,83.33333333333333
814,6,98,73,5,83.01369863013699
815,7,8,5,4,55.0
816,7,9,1,2,0.0
817,7,11,5,3,66.668
818,7,12,1,3,0.0
819,7,14,4,4,43.75
820,7,15,5,5,44.0
821,7,16,2,3,33.335
822,7,17,1,3,0.0
823,7,18,5,4,55.0
824,7,19,1,1,0.0
825,7,20,28,6,69.64214285714284
826,7,22,17,4,72.05882352941177
827,7,23,1,2,0.0
828,7,24,1,4,0.0
829,7,26,2,5,20.0
830,7,27,2,3,33.335
831,7,28,28,7,59.69357142857144
832,7,30,1,2,0.0
833,7,31,1,5,0.0
834,7,32,2,4,25.0
835,7,33,1,2,0.0
836,7,34,1,3,0.0
837,7,35,2,4,25.0
838,7,36,3,4,41.666666666666664
839,7,38,1,3,0.0
840,7,39,1,1,0.0
841,7,40,15,4,75.0
842,7,41,3,3,55.55666666666667
843,7,42,2,2,50.0
844,7,43,28,8,52.232142857142854
845,7,44,6,4,66.66666666666667
846,7,45,1,3,0.0
847,7,46,2,3,33.335
848,7,48,3,3,55.55666666666667
849,7,50,2,2,50.0
850,7,51,1,1,0.0
851,7,52,18,4,72.22222222222223
852,7,55,1,1,0.0
853,7,56,2,3,50.0
854,7,57,1,2,0.0
855,7,58,1,4,0.0
856,7,59,4,4,56.25
857,7,60,3,3,55.55666666666667
858,7,62,1,2,0.0
859,7,63,2,3,33.335
860,7,64,4,6,29.165
861,7,65,3,3,44.446666666666665
862,7,66,1,1,0.0
863,7,67,1,1,0.0
864,7,68,2,2,50.0
865,7,69,9,3,74.07555555555557
866,7,70,1,2,0.0
867,7,71,8,3,70.83500000000001
868,7,72,4,3,58.33500000000001
869,7,73,1,1,0.0
870,7,74,23,5,71.30434782608695
871,7,75,2,3,33.335
872,7,77,1,2,0.0
873,7,78,1,2,0.0
874,7,79,1,5,0.0
875,7,80,2,2,50.0
876,7,81,1,2,0.0
877,7,82,4,6,29.165
878,7,83,1,2,0.0
879,7,84,18,4,72.22222222222223
880,7,87,3,2,66.66666666666667
881,7,88,2,4,25.0
882,7,89,1,4,0.0
883,7,90,8,3,70.83500000000001
884,7,91,4,5,35.0
885,7,93,1,4,0.0
886,7,94,1,1,0.0
887,7,95,1,4,0.0
888,7,96,28,7,59.69357142857144
889,7,97,2,2,50.0
890,7,98,1,3,0.0
891,8,9,5,4,65.0
892,8,11,7,3,76.19142857142857
893,8,12,24,6,65.97125
894,8,14,3,5,33.333333333333336
895,8,15,2,3,33.335
896,8,16,2,3,33.335
897,8,17,3,3,55.55666666666667
898,8,18,1,2,0.0
899,8,19,3,4,41.666666666666664
900,8,20,7,4,64.28571428571429
901,8,22,4,4,43.75
902,8,23,2,3,33.335
903,8,24,3,4,41.666666666666664
904,8,26,1,3,0.0
905,8,27,1,2,0.0
906,8,28,7,5,51.42857142857143
907,8,30,1,3,0.0
908,8,31,3,5,33.333333333333336
909,8,32,2,6,16.665
910,8,33,2,3,33.335
911,8,34,5,4,50.0
912,8,35,1,3,0.0
913,8,36,5,4,55.0
914,8,38,4,4,43.75
915,8,39,2,3,33.335
916,8,40,4,3,66.6675
917,8,41,5,3,73.334
918,8,42,1,3,0.0
919,8,43,7,6,42.857142857142854
920,8,44,3,3,55.55666666666667
921,8,45,3,4,41.666666666666664
922,8,46,1,1,0.0
923,8,48,2,2,50.0
924,8,50,3,3,55.55666666666667
925,8,51,3,3,55.55666666666667
926,8,52,3,2,66.66666666666667
927,8,55,3,4,41.666666666666664
928,8,56,5,4,50.0
929,8,57,26,5,79.23076923076923
930,8,58,3,4,41.666666666666664
931,8,59,2,3,33.335
932,8,60,1,1,0.0
933,8,62,1,3,0.0
934,8,63,29,6,63.217241379310344
935,8,64,12,6,48.610833333333325
936,8,65,2,5,20.0
937,8,66,7,4,67.85714285714286
938,8,67,11,5,63.63636363636363
939,8,68,2,2,50.0
940,8,69,8,4,56.25
941,8,70,2,4,25.0
942,8,71,1,2,0.0
943,8,72,3,4,41.666666666666664
944,8,73,3,4,41.666666666666664
945,8,74,5,3,66.668
946,8,75,2,5,20.0
947,8,77,22,5,75.45454545454545
948,8,78,1,2,0.0
949,8,79,24,8,49.479166666666664
950,8,80,12,4,81.25
951,8,81,7,5,54.285714285714285
952,8,82,12,6,48.610833333333325
953,8,83,11,6,53.03
954,8,84,1,1,0.0
955,8,87,13,4,76.92307692307692
956,8,88,6,4,58.333333333333336
957,8,89,3,4,41.666666666666664
958,8,90,2,3,33.335
959,8,91,12,5,58.333333333333336
960,8,93,3,5,33.333333333333336
961,8,94,11,5,63.63636363636363
962,8,95,24,7,56.54749999999999
963,8,96,7,5,51.42857142857143
964,8,97,3,3,55.55666666666667
965,8,98,3,3,55.55666666666667
966,9,11,1,3,0.0
967,9,12,6,3,72.22333333333334
968,9,14,1,2,0.0
969,9,15,31,5,67.74193548387096
970,9,16,9,3,81.48222222222222
971,9,17,4,4,68.75
972,9,18,22,4,71.5909090909091
973,9,19,2,3,50.0
974,9,20,3,5,26.666666666666668
975,9,22,11,3,75.75909090909092
976,9,23,1,2,0.0
977,9,24,4,5,55.0
978,9,26,24,5,65.83333333333333
979,9,27,15,3,82.22333333333333
980,9,28,3,6,22.22
981,9,30,1,1,0.0
982,9,31,4,6,45.835
983,9,32,2,3,33.335
984,9,33,5,2,80.0
985,9,34,2,2,50.0
986,9,35,15,4,61.666666666666664
987,9,36,12,5,56.666666666666664
988,9,38,1,3,0.0
989,9,39,5,2,80.0
990,9,40,3,4,33.333333333333336
991,9,41,12,4,72.91666666666667
992,9,42,1,1,0.0
993,9,43,3,7,19.046666666666667
994,9,44,1,4,0.0
995,9,45,2,2,50.0
996,9,46,1,3,0.0
997,9,48,1,3,0.0
998,9,50,7,3,66.66857142857143
999,9,51,1,2,0.0
1000,9,52,3,3,44.446666666666665
1001,9,55,2,3,50.0
1002,9,56,1,2,0.0
1003,9,57,1,1,0.0
1004,9,58,4,5,40.0
1005,9,59,1,4,0.0
1006,9,60,1,3,0.0
1007,9,62,6,2,83.33333333333333
1008,9,63,6,3,61.11333333333334
1009,9,64,16,7,56.249375
1010,9,65,2,2,50.0
1011,9,66,1,1,0.0
1012,9,67,1,3,0.0
1013,9,68,1,2,0.0
1014,9,69,3,2,66.66666666666667
1015,9,70,1,1,0.0
1016,9,71,3,2,66.66666666666667
1017,9,72,1,1,0.0
1018,9,73,2,3,50.0
1019,9,74,3,4,33.333333333333336
1020,9,75,2,2,50.0
1021,9,77,4,2,75.0
1022,9,78,2,3,50.0
1023,9,79,6,5,43.333333333333336
1024,9,80,1,1,0.0
1025,9,81,2,2,50.0
1026,9,82,16,7,56.249375
1027,9,83,1,4,0.0
1028,9,84,3,3,44.446666666666665
1029,9,87,1,1,0.0
1030,9,88,8,5,67.5
1031,9,89,4,5,55.0
1032,9,90,3,2,66.66666666666667
1033,9,91,16,6,65.624375
1034,9,93,2,3,33.335
1035,9,94,1,3,0.0
1036,9,95,6,4,54.166666666666664
1037,9,96,3,6,22.22
1038,9,97,1,1,0.0
1039,9,98,4,4,68.75
1040,10,29,1,1,0.0
1041,11,12,9,5,55.55555555555556
1042,11,14,5,5,52.0
1043,11,15,1,3,0.0
1044,11,16,11,4,77.27272727272727
1045,11,17,1,1,0.0
1046,11,18,1,2,0.0
1047,11,19,3,3,44.446666666666665
1048,11,20,3,4,41.666666666666664
1049,11,22,1,4,0.0
1050,11,23,2,3,33.335
1051,11,24,1,2,0.0
1052,11,26,6,4,45.833333333333336
1053,11,27,3,3,44.446666666666665
1054,11,28,3,5,33.333333333333336
1055,11,30,1,3,0.0
1056,11,31,1,3,0.0
1057,11,32,26,6,60.25615384615384
1058,11,33,3,3,55.55666666666667
1059,11,34,2,4,25.0
1060,11,35,3,4,33.333333333333336
1061,11,36,1,2,0.0
1062,11,38,2,4,25.0
1063,11,39,2,2,50.0
1064,11,40,1,1,0.0
1065,11,41,1,1,0.0
1066,11,42,3,3,55.55666666666667
1067,11,43,3,6,27.776666666666667
1068,11,44,3,2,66.66666666666667
1069,11,45,1,4,0.0
1070,11,46,2,2,50.0
1071,11,48,1,1,0.0
1072,11,50,1,1,0.0
1073,11,51,3,2,66.66666666666667
1074,11,52,1,2,0.0
1075,11,55,3,3,44.446666666666665
1076,11,56,4,4,56.25
1077,11,57,7,4,64.28571428571429
1078,11,58,1,2,0.0
1079,11,59,2,2,50.0
1080,11,60,4,2,75.0
1081,11,62,3,3,55.55666666666667
1082,11,63,12,5,56.666666666666664
1083,11,64,4,4,43.75
1084,11,65,35,5,75.42857142857143
1085,11,66,3,3,55.55666666666667
1086,11,67,11,4,72.72727272727273
1087,11,68,1,1,0.0
1088,11,69,18,4,73.61111111111111
1089,11,70,19,4,73.6842105263158
1090,11,71,3,3,55.55666666666667
1091,11,72,5,4,65.0
1092,11,73,3,3,44.446666666666665
1093,11,74,2,3,33.335
1094,11,75,26,5,72.3076923076923
1095,11,77,9,4,69.44444444444444
1096,11,78,1,1,0.0
1097,11,79,9,7,39.68222222222222
1098,11,80,3,3,55.55666666666667
1099,11,81,3,4,41.666666666666664
1100,11,82,4,4,43.75
1101,11,83,11,5,58.18181818181818
1102,11,84,1,2,0.0
1103,11,87,6,3,72.22333333333334
1104,11,88,2,2,50.0
1105,11,89,1,2,0.0
1106,11,90,1,3,0.0
1107,11,91,4,3,58.33500000000001
1108,11,93,1,5,0.0
1109,11,94,11,4,72.72727272727273
1110,11,95,9,6,46.29666666666667
1111,11,96,3,5,33.333333333333336
1112,11,97,1,2,0.0
1113,11,98,1,1,0.0
1114,12,14,14,5,58.57142857142857
1115,12,15,1,6,0.0
1116,12,16,1,4,0.0
1117,12,17,1,5,0.0
1118,12,18,1,5,0.0
1119,12,19,2,4,37.5
1120,12,20,15,7,69.52266666666667
1121,12,22,2,4,25.0
1122,12,23,13,4,73.07692307692308
1123,12,24,1,6,0.0
1124,12,26,1,6,0.0
1125,12,27,1,4,0.0
1126,12,28,15,8,60.833333333333336
1127,12,30,2,3,33.335
1128,12,31,1,7,0.0
1129,12,32,1,3,0.0
1130,12,33,1,3,0.0
1131,12,34,2,4,25.0
1132,12,35,1,5,0.0
1133,12,36,4,6,37.5
1134,12,38,14,5,61.42857142857143
1135,12,39,2,3,33.335
1136,12,40,26,6,61.538076923076915
1137,12,41,4,5,45.0
1138,12,42,4,3,66.6675
1139,12,43,15,9,54.076000000000015
1140,12,44,11,6,60.605454545454556
1141,12,45,2,4,25.0
1142,12,46,5,5,40.0
1143,12,48,6,5,46.666666666666664
1144,12,50,3,4,41.666666666666664
1145,12,51,1,3,0.0
1146,12,52,13,5,67.6923076923077
1147,12,55,2,4,37.5
1148,12,56,2,3,33.335
1149,12,57,2,2,50.0
1150,12,58,1,6,0.0
1151,12,59,7,6,54.76142857142857
1152,12,60,6,5,46.666666666666664
1153,12,62,3,3,55.55666666666667
1154,12,63,1,2,0.0
1155,12,64,4,8,21.875
1156,12,65,1,1,0.0
1157,12,66,1,2,0.0
1158,12,67,1,4,0.0
1159,12,68,5,4,50.0
1160,12,69,3,3,55.55666666666667
1161,12,70,2,2,50.0
1162,12,71,12,4,77.08333333333333
1163,12,72,14,4,73.21428571428571
1164,12,73,2,4,37.5
1165,12,74,14,6,69.04714285714286
1166,12,75,1,2,0.0
1167,12,77,1,1,0.0
1168,12,78,1,4,0.0
1169,12,79,1,2,0.0
1170,12,80,6,3,72.22333333333334
1171,12,81,1,2,0.0
1172,12,82,4,8,21.875
1173,12,83,1,5,0.0
1174,12,84,13,5,67.6923076923077
1175,12,87,1,2,0.0
1176,12,88,2,6,16.665
1177,12,89,1,6,0.0
1178,12,90,17,4,75.0
1179,12,91,4,7,25.0
1180,12,93,2,5,20.0
1181,12,94,1,4,0.0
1182,12,95,1,1,0.0
1183,12,96,15,8,60.833333333333336
1184,12,97,2,3,33.335
1185,12,98,1,5,0.0
1186,13,25,1,1,0.0
1187,14,15,1,5,0.0
1188,14,16,6,4,54.166666666666664
1189,14,17,18,6,61.11055555555556
1190,14,18,1,4,0.0
1191,14,19,8,5,55.0
1192,14,20,5,6,46.666
1193,14,22,3,3,44.446666666666665
1194,14,23,16,4,64.0625
1195,14,24,18,7,52.38111111111111
1196,14,26,1,5,0.0
1197,14,27,1,3,0.0
1198,14,28,5,7,40.0
1199,14,30,1,2,0.0
1200,14,31,18,8,45.833333333333336
1201,14,32,4,5,35.0
1202,14,33,3,3,44.446666666666665
1203,14,34,1,2,0.0
1204,14,35,1,4,0.0
1205,14,36,1,6,0.0
1206,14,38,22,5,64.54545454545455
1207,14,39,1,3,0.0
1208,14,40,22,6,65.15045454545454
1209,14,41,1,5,0.0
1210,14,42,3,3,44.446666666666665
1211,14,43,5,8,35.0
1212,14,44,1,5,0.0
1213,14,45,1,2,0.0
1214,14,46,10,5,60.0
1215,14,48,4,5,40.0
1216,14,50,1,4,0.0
1217,14,51,4,4,43.75
1218,14,52,3,4,41.666666666666664
1219,14,55,8,5,55.0
1220,14,56,1,3,0.0
1221,14,57,2,3,33.335
1222,14,58,18,7,52.38111111111111
1223,14,59,4,6,33.332499999999996
1224,14,60,10,5,60.0
1225,14,62,3,3,44.446666666666665
1226,14,63,15,5,52.0
1227,14,64,72,9,52.31555555555556
1228,14,65,4,4,43.75
1229,14,66,3,3,44.446666666666665
1230,14,67,4,5,40.0
1231,14,68,4,4,43.75
1232,14,69,18,4,63.888888888888886
1233,14,70,2,3,33.335
1234,14,71,2,3,33.335
1235,14,72,1,1,0.0
1236,14,73,8,5,52.5
1237,14,74,4,5,45.0
1238,14,75,4,4,43.75
1239,14,77,10,4,57.5
1240,14,78,9,5,57.77777777777778
1241,14,79,14,7,41.83642857142858
1242,14,80,1,2,0.0
1243,14,81,5,4,50.0
1244,14,82,72,9,52.31555555555556
1245,14,83,4,6,33.332499999999996
1246,14,84,3,4,41.666666666666664
1247,14,87,3,3,44.446666666666665
1248,14,88,36,7,59.919999999999995
1249,14,89,18,7,52.38111111111111
1250,14,90,3,3,44.446666666666665
1251,14,91,72,8,58.854166666666664
1252,14,93,1,3,0.0
1253,14,94,4,5,40.0
1254,14,95,14,6,48.809999999999995
1255,14,96,5,7,40.0
1256,14,97,3,3,44.446666666666665
1257,14,98,18,6,61.11055555555556
1258,15,16,1,3,0.0
1259,15,17,3,4,33.333333333333336
1260,15,18,1,1,0.0
1261,15,19,2,5,20.0
1262,15,20,1,1,0.0
1263,15,22,2,4,25.0
1264,15,23,1,3,0.0
1265,15,24,5,5,36.0
1266,15,26,1,1,0.0
1267,15,27,1,2,0.0
1268,15,28,1,2,0.0
1269,15,30,9,4,66.66666666666667
1270,15,31,3,6,22.22
1271,15,32,29,7,59.60413793103448
1272,15,33,1,3,0.0
1273,15,34,2,4,25.0
1274,15,35,1,2,0.0
1275,15,36,2,4,25.0
1276,15,38,2,4,25.0
1277,15,39,3,4,50.0
1278,15,40,2,3,33.335
1279,15,41,2,3,33.335
1280,15,42,9,4,66.66666666666667
1281,15,43,1,3,0.0
1282,15,44,1,2,0.0
1283,15,45,1,4,0.0
1284,15,46,5,3,60.001999999999995
1285,15,48,1,3,0.0
1286,15,50,5,4,45.0
1287,15,51,2,4,25.0
1288,15,52,3,2,66.66666666666667
1289,15,55,2,5,20.0
1290,15,56,2,4,25.0
1291,15,57,2,5,20.0
1292,15,58,3,5,26.666666666666668
1293,15,59,1,4,0.0
1294,15,60,6,3,66.66833333333334
1295,15,62,10,4,70.0
1296,15,63,1,6,0.0
1297,15,64,14,7,40.81642857142857
1298,15,65,30,6,69.44533333333334
1299,15,66,33,5,68.48484848484848
1300,15,67,9,6,46.29666666666667
1301,15,68,1,3,0.0
1302,15,69,3,4,33.333333333333336
1303,15,70,27,5,62.22222222222222
1304,15,71,6,3,66.66833333333334
1305,15,72,1,4,0.0
1306,15,73,2,5,20.0
1307,15,74,1,1,0.0
1308,15,75,29,6,69.54103448275862
1309,15,77,1,5,0.0
1310,15,78,1,3,0.0
1311,15,79,1,8,0.0
1312,15,80,2,4,25.0
1313,15,81,36,6,74.07444444444445
1314,15,82,14,7,40.81642857142857
1315,15,83,9,7,39.68333333333333
1316,15,84,2,2,50.0
1317,15,87,1,4,0.0
1318,15,88,8,5,47.5
1319,15,89,3,5,26.666666666666668
1320,15,90,1,3,0.0
1321,15,91,14,6,47.618571428571435
1322,15,93,1,5,0.0
1323,15,94,9,6,46.29666666666667
1324,15,95,1,7,0.0
1325,15,96,1,2,0.0
1326,15,97,9,4,66.66666666666667
1327,15,98,5,4,45.0
1328,16,17,46,5,80.43478260869566
1329,16,18,1,2,0.0
1330,16,19,5,4,55.0
1331,16,20,4,4,56.25
1332,16,22,7,3,71.42999999999999
1333,16,23,1,1,0.0
1334,16,24,52,6,65.38423076923077
1335,16,26,1,3,0.0
1336,16,27,1,1,0.0
1337,16,28,4,5,45.0
1338,16,30,2,2,50.0
1339,16,31,46,7,57.4532608695652
1340,16,32,11,5,49.09090909090909
1341,16,33,1,1,0.0
1342,16,34,9,3,77.77888888888889
1343,16,35,1,2,0.0
1344,16,36,8,5,50.0
1345,16,38,1,1,0.0
1346,16,39,2,2,50.0
1347,16,40,6,4,50.0
1348,16,41,8,4,62.5
1349,16,42,3,2,66.66666666666667
1350,16,43,4,6,37.5
1351,16,44,1,3,0.0
1352,16,45,5,3,66.668
1353,16,46,4,3,58.335
1354,16,48,17,4,79.41176470588235
1355,16,50,2,3,33.335
1356,16,51,3,3,55.55666666666667
1357,16,52,2,2,50.0
1358,16,55,5,4,55.0
1359,16,56,12,3,80.55666666666667
1360,16,57,1,3,0.0
1361,16,58,46,6,67.02847826086956
1362,16,59,17,5,63.529411764705884
1363,16,60,4,3,58.335
1364,16,62,3,2,66.66666666666667
1365,16,63,1,4,0.0
1366,16,64,190,8,63.026315789473685
1367,16,65,12,4,77.08333333333333
1368,16,66,11,3,84.84909090909092
1369,16,67,2,4,25.0
1370,16,68,4,3,66.6675
1371,16,69,2,2,50.0
1372,16,70,10,3,76.668
1373,16,71,1,1,0.0
1374,16,72,6,3,72.22333333333334
1375,16,73,5,4,55.0
1376,16,74,3,3,55.55666666666667
1377,16,75,11,4,77.27272727272727
1378,16,77,1,3,0.0
1379,16,78,18,4,83.33333333333333
1380,16,79,1,6,0.0
1381,16,80,1,2,0.0
1382,16,81,13,4,69.23076923076923
1383,16,82,190,8,63.026315789473685
1384,16,83,2,5,20.0
1385,16,84,2,2,50.0
1386,16,87,1,2,0.0
1387,16,88,98,6,75.16948979591837
1388,16,89,46,6,67.02847826086956
1389,16,90,4,2,75.0
1390,16,91,190,7,72.02894736842107
1391,16,93,5,4,50.0
1392,16,94,2,4,25.0
1393,16,95,1,5,0.0
1394,16,96,4,5,45.0
1395,16,97,2,2,50.0
1396,16,98,52,5,78.46153846153847
1397,17,18,3,3,44.446666666666665
1398,17,19,1,3,0.0
1399,17,20,12,5,63.333333333333336
1400,17,22,3,5,26.666666666666668
1401,17,23,6,4,54.166666666666664
1402,17,24,2,2,50.0
1403,17,26,27,5,63.7037037037037
1404,17,27,15,4,73.33333333333333
1405,17,28,12,6,52.77666666666667
1406,17,30,4,4,50.0
1407,17,31,1,2,0.0
1408,17,32,1,6,0.0
1409,17,33,10,4,70.0
1410,17,34,7,5,45.714285714285715
1411,17,35,15,5,58.666666666666664
1412,17,36,3,3,44.446666666666665
1413,17,38,6,5,43.333333333333336
1414,17,39,6,3,72.22333333333334
1415,17,40,3,2,66.66666666666667
1416,17,41,3,2,66.66666666666667
1417,17,42,10,4,70.0
1418,17,43,12,7,45.23833333333334
1419,17,44,9,3,74.07555555555557
1420,17,45,4,5,40.0
1421,17,46,1,2,0.0
1422,17,48,1,1,0.0
1423,17,50,2,2,50.0
1424,17,51,1,2,0.0
1425,17,52,6,3,72.22333333333334
1426,17,55,1,3,0.0
1427,17,56,15,5,69.33333333333333
1428,17,57,27,5,74.07407407407408
1429,17,58,1,1,0.0
1430,17,59,1,1,0.0
1431,17,60,2,2,50.0
1432,17,62,10,4,70.0
1433,17,63,1,5,0.0
1434,17,64,3,3,44.446666666666665
1435,17,65,2,5,20.0
1436,17,66,11,4,72.72727272727273
1437,17,67,3,4,33.333333333333336
1438,17,68,3,2,66.66666666666667
1439,17,69,1,4,0.0
1440,17,70,1,4,0.0
1441,17,71,15,4,73.33333333333333
1442,17,72,18,5,73.33333333333333
1443,17,73,1,3,0.0
1444,17,74,9,4,66.66666666666667
1445,17,75,1,5,0.0
1446,17,77,1,4,0.0
1447,17,78,1,1,0.0
1448,17,79,1,7,0.0
1449,17,80,10,4,70.0
1450,17,81,12,5,61.666666666666664
1451,17,82,3,3,44.446666666666665
1452,17,83,3,5,26.666666666666668
1453,17,84,6,3,72.22333333333334
1454,17,87,1,3,0.0
1455,17,88,1,1,0.0
1456,17,89,1,1,0.0
1457,17,90,3,4,33.333333333333336
1458,17,91,3,2,66.66666666666667
1459,17,93,4,6,33.332499999999996
1460,17,94,3,4,33.333333333333336
1461,17,95,1,6,0.0
1462,17,96,12,6,52.77666666666667
1463,17,97,3,3,44.446666666666665
1464,17,98,1,1,0.0
1465,18,19,2,4,25.0
1466,18,20,2,2,50.0
1467,18,22,2,3,33.335
1468,18,23,1,2,0.0
1469,18,24,5,4,45.0
1470,18,26,3,2,66.66666666666667
1471,18,27,1,1,0.0
1472,18,28,2,3,33.335
1473,18,30,6,3,66.66833333333334
1474,18,31,3,5,26.666666666666668
1475,18,32,23,6,61.59521739130436
1476,18,33,1,2,0.0
1477,18,34,2,3,33.335
1478,18,35,1,2,0.0
1479,18,36,2,3,33.335
1480,18,38,2,3,33.335
1481,18,39,3,3,66.66666666666667
1482,18,40,2,2,50.0
1483,18,41,2,2,50.0
1484,18,42,6,3,66.66833333333334
1485,18,43,2,4,25.0
1486,18,44,1,1,0.0
1487,18,45,1,3,0.0
1488,18,46,2,2,50.0
1489,18,48,1,2,0.0
1490,18,50,5,3,60.00200000000001
1491,18,51,2,3,33.335
1492,18,52,1,1,0.0
1493,18,55,2,4,25.0
1494,18,56,2,3,33.335
1495,18,57,2,4,25.0
1496,18,58,3,4,33.333333333333336
1497,18,59,1,3,0.0
1498,18,60,3,2,66.66666666666667
1499,18,62,7,3,66.66857142857143
1500,18,63,1,5,0.0
1501,18,64,14,6,47.618571428571435
1502,18,65,24,5,74.16666666666667
1503,18,66,24,4,73.95833333333333
1504,18,67,9,5,55.55555555555556
1505,18,68,1,2,0.0
1506,18,69,3,3,44.446666666666665
1507,18,70,21,4,67.85714285714286
1508,18,71,3,2,66.66666666666667
1509,18,72,1,3,0.0
1510,18,73,2,4,25.0
1511,18,74,1,1,0.0
1512,18,75,23,5,73.91304347826087
1513,18,77,1,4,0.0
1514,18,78,1,2,0.0
1515,18,79,1,7,0.0
1516,18,80,2,3,33.335
1517,18,81,27,5,78.51851851851852
1518,18,82,14,6,47.618571428571435
1519,18,83,9,6,46.29666666666667
1520,18,84,1,1,0.0
1521,18,87,1,3,0.0
1522,18,88,8,4,59.375
1523,18,89,3,4,33.333333333333336
1524,18,90,1,2,0.0
1525,18,91,14,5,57.142857142857146
1526,18,93,1,4,0.0
1527,18,94,9,5,55.55555555555556
1528,18,95,1,6,0.0
1529,18,96,2,3,33.335
1530,18,97,6,3,83.33333333333333
1531,18,98,5,3,60.00200000000001
1532,19,20,9,6,49.99999999999999
1533,19,22,42,5,72.38095238095238
1534,19,23,2,3,33.335
1535,19,24,1,4,0.0
1536,19,26,26,6,87.82038461538461
1537,19,27,5,4,55.0
1538,19,28,9,7,42.85666666666666
1539,19,30,2,3,50.0
1540,19,31,1,5,0.0
1541,19,32,3,5,40.0
1542,19,33,3,3,55.55666666666667
1543,19,34,2,4,37.5
1544,19,35,5,5,44.0
1545,19,36,2,4,25.0
1546,19,38,2,4,25.0
1547,19,39,2,2,50.0
1548,19,40,10,4,60.0
1549,19,41,2,3,33.335
1550,19,42,4,3,58.335
1551,19,43,9,8,37.5
1552,19,44,4,4,50.0
1553,19,45,2,4,37.5
1554,19,46,1,3,0.0
1555,19,48,2,3,33.335
1556,19,50,1,2,0.0
1557,19,51,1,1,0.0
1558,19,52,5,4,45.0
1559,19,55,3,2,66.66666666666667
1560,19,56,6,4,66.66666666666667
1561,19,57,1,3,0.0
1562,19,58,1,4,0.0
1563,19,59,3,4,41.666666666666664
1564,19,60,2,3,33.335
1565,19,62,3,3,55.55666666666667
1566,19,63,3,4,41.666666666666664
1567,19,64,4,6,29.165
1568,19,65,5,4,60.0
1569,19,66,1,2,0.0
1570,19,67,2,2,50.0
1571,19,68,1,2,0.0
1572,19,69,1,3,0.0
1573,19,70,2,3,50.0
1574,19,71,19,4,72.36842105263158
1575,19,72,8,4,68.75
1576,19,73,1,1,0.0
1577,19,74,7,5,48.57142857142857
1578,19,75,3,4,50.0
1579,19,77,2,3,50.0
1580,19,78,1,2,0.0
1581,19,79,2,6,25.0
1582,19,80,4,3,58.335
1583,19,81,1,3,0.0
1584,19,82,4,6,29.165
1585,19,83,2,3,33.335
1586,19,84,5,4,45.0
1587,19,87,1,2,0.0
1588,19,88,2,4,25.0
1589,19,89,1,4,0.0
1590,19,90,20,4,73.75
1591,19,91,4,5,35.0
1592,19,93,2,5,30.0
1593,19,94,2,2,50.0
1594,19,95,2,5,30.0
1595,19,96,9,7,42.85666666666666
1596,19,97,5,3,66.668
1597,19,98,1,3,0.0
1598,20,22,8,5,57.5
1599,20,23,4,4,56.25
1600,20,24,17,6,52.940588235294115
1601,20,26,2,2,50.0
1602,20,27,3,3,55.55666666666667
1603,20,28,1,1,0.0
1604,20,30,1,4,0.0
1605,20,31,12,7,45.23833333333334
1606,20,32,2,7,14.285
1607,20,33,4,4,56.25
1608,20,34,9,5,62.22222222222222
1609,20,35,2,3,33.335
1610,20,36,5,5,40.0
1611,20,38,8,5,57.5
1612,20,39,16,5,77.5
1613,20,40,5,4,50.0
1614,20,41,5,4,50.0
1615,20,42,1,4,0.0
1616,20,43,1,2,0.0
1617,20,44,2,3,33.335
1618,20,45,5,5,56.0
1619,20,46,1,3,0.0
1620,20,48,5,4,65.0
1621,20,50,17,5,63.529411764705884
1622,20,51,9,5,60.0
1623,20,52,1,2,0.0
1624,20,55,9,6,50.0
1625,20,56,9,5,62.22222222222222
1626,20,57,20,6,54.166
1627,20,58,12,6,52.77666666666667
1628,20,59,5,5,52.0
1629,20,60,1,3,0.0
1630,20,62,1,4,0.0
1631,20,63,16,7,71.42750000000001
1632,20,64,53,8,54.009433962264154
1633,20,65,2,6,16.665
1634,20,66,3,5,26.666666666666668
1635,20,67,46,7,64.90608695652172
1636,20,68,5,4,65.0
1637,20,69,14,5,67.14285714285714
1638,20,70,2,5,20.0
1639,20,71,1,3,0.0
1640,20,72,5,5,56.0
1641,20,73,9,6,50.0
1642,20,74,1,1,0.0
1643,20,75,2,6,16.665
1644,20,77,13,6,49.99923076923077
1645,20,78,4,4,56.25
1646,20,79,15,9,54.07599999999999
1647,20,80,12,5,71.66666666666667
1648,20,81,3,6,22.22
1649,20,82,53,8,54.009433962264154
1650,20,83,46,8,56.79347826086956
1651,20,84,5,3,66.668
1652,20,87,8,5,72.5
1653,20,88,29,6,63.21793103448276
1654,20,89,12,6,52.77666666666667
1655,20,90,4,4,56.25
1656,20,91,53,7,61.72433962264151
1657,20,93,5,6,46.666
1658,20,94,46,7,64.90608695652172
1659,20,95,15,8,60.833333333333336
1660,20,96,1,1,0.0
1661,20,97,1,4,0.0
1662,20,98,17,5,63.529411764705884
1663,22,23,1,2,0.0
1664,22,24,3,6,22.22
1665,22,26,2,4,25.0
1666,22,27,2,2,50.0
1667,22,28,8,6,47.916250000000005
1668,22,30,4,2,75.0
1669,22,31,3,7,19.046666666666667
1670,22,32,1,4,0.0
1671,22,33,2,2,50.0
1672,22,34,1,1,0.0
1673,22,35,2,3,33.335
1674,22,36,26,6,62.178461538461534
1675,22,38,1,3,0.0
1676,22,39,9,3,77.77888888888889
1677,22,40,15,5,60.0
1678,22,41,26,5,74.61538461538461
1679,22,42,1,2,0.0
1680,22,43,8,7,41.07125
1681,22,44,2,4,25.0
1682,22,45,1,1,0.0
1683,22,46,9,4,63.888888888888886
1684,22,48,1,4,0.0
1685,22,50,10,4,57.5
1686,22,51,25,4,77.0
1687,22,52,4,3,58.335
1688,22,55,42,5,72.38095238095238
1689,22,56,1,1,0.0
1690,22,57,2,3,50.0
1691,22,58,3,6,22.22
1692,22,59,1,5,0.0
1693,22,60,9,4,63.888888888888886
1694,22,62,3,2,66.66666666666667
1695,22,63,1,4,0.0
1696,22,64,12,8,32.291666666666664
1697,22,65,1,3,0.0
1698,22,66,8,3,70.83500000000001
1699,22,67,17,5,57.64705882352941
1700,22,68,1,3,0.0
1701,22,69,2,2,50.0
1702,22,70,1,2,0.0
1703,22,71,2,2,50.0
1704,22,72,3,2,66.66666666666667
1705,22,73,42,5,72.38095238095238
1706,22,74,6,4,58.333333333333336
1707,22,75,1,3,0.0
1708,22,77,1,3,0.0
1709,22,78,1,4,0.0
1710,22,79,2,6,16.665
1711,22,80,1,2,0.0
1712,22,81,11,4,63.63636363636363
1713,22,82,12,8,32.291666666666664
1714,22,83,17,6,48.03941176470589
1715,22,84,4,3,58.335
1716,22,87,15,3,80.00133333333333
1717,22,88,6,6,33.33166666666667
1718,22,89,3,6,22.22
1719,22,90,1,1,0.0
1720,22,91,12,7,36.905
1721,22,93,1,2,0.0
1722,22,94,17,5,57.64705882352941
1723,22,95,2,5,20.0
1724,22,96,8,6,47.916250000000005
1725,22,97,1,2,0.0
1726,22,98,3,5,26.666666666666668
1727,23,24,6,5,43.333333333333336
1728,23,26,1,3,0.0
1729,23,27,1,1,0.0
1730,23,28,4,5,45.0
1731,23,30,5,2,80.0
1732,23,31,6,6,36.11
1733,23,32,3,4,33.333333333333336
1734,23,33,1,1,0.0
1735,23,34,1,2,0.0
1736,23,35,1,2,0.0
1737,23,36,1,4,0.0
1738,23,38,1,1,0.0
1739,23,39,1,1,0.0
1740,23,40,11,4,70.45454545454545
1741,23,41,1,3,0.0
1742,23,42,1,1,0.0
1743,23,43,4,6,37.5
1744,23,44,1,3,0.0
1745,23,45,12,3,80.55666666666667
1746,23,46,5,3,66.668
1747,23,48,1,3,0.0
1748,23,50,1,2,0.0
1749,23,51,1,2,0.0
1750,23,52,2,2,50.0
1751,23,55,2,3,33.335
1752,23,56,3,2,66.66666666666667
1753,23,57,10,3,80.001
1754,23,58,6,5,43.333333333333336
1755,23,59,1,4,0.0
1756,23,60,5,3,66.668
1757,23,62,1,1,0.0
1758,23,63,12,4,62.5
1759,23,64,24,7,47.02375
1760,23,65,3,3,44.446666666666665
1761,23,66,2,2,50.0
1762,23,67,1,3,0.0
1763,23,68,1,2,0.0
1764,23,69,1,1,0.0
1765,23,70,3,2,66.66666666666667
1766,23,71,1,1,0.0
1767,23,72,16,3,85.4175
1768,23,73,2,3,33.335
1769,23,74,3,3,55.55666666666667
1770,23,75,3,3,44.446666666666665
1771,23,77,10,3,83.334
1772,23,78,3,3,44.446666666666665
1773,23,79,13,6,48.71846153846155
1774,23,80,4,2,75.0
1775,23,81,2,3,33.335
1776,23,82,24,7,47.02375
1777,23,83,1,4,0.0
1778,23,84,2,2,50.0
1779,23,87,5,2,80.0
1780,23,88,12,5,55.0
1781,23,89,6,5,43.333333333333336
1782,23,90,1,1,0.0
1783,23,91,24,6,54.861250000000005
1784,23,93,12,4,60.416666666666664
1785,23,94,1,3,0.0
1786,23,95,13,5,58.46153846153846
1787,23,96,4,5,45.0
1788,23,97,6,2,83.33333333333333
1789,23,98,6,4,54.166666666666664
1790,24,26,36,6,53.240833333333335
1791,24,27,19,5,57.89473684210526
1792,24,28,17,7,45.37823529411765
1793,24,30,4,5,40.0
1794,24,31,2,3,33.335
1795,24,32,1,7,0.0
1796,24,33,10,5,56.0
1797,24,34,7,6,38.09428571428571
1798,24,35,19,6,48.245789473684205
1799,24,36,4,4,37.5
1800,24,38,6,6,36.11
1801,24,39,6,4,54.166666666666664
1802,24,40,1,2,0.0
1803,24,41,4,3,50.0025
1804,24,42,10,5,56.0
1805,24,43,17,8,39.705882352941174
1806,24,44,1,3,0.0
1807,24,45,4,6,33.332499999999996
1808,24,46,1,3,0.0
1809,24,48,1,2,0.0
1810,24,50,2,3,33.335
1811,24,51,1,3,0.0
1812,24,52,7,4,53.57142857142857
1813,24,55,1,4,0.0
1814,24,56,15,6,57.777333333333345
1815,24,57,27,6,61.72814814814814
1816,24,58,1,2,0.0
1817,24,59,3,3,55.55666666666667
1818,24,60,2,3,33.335
1819,24,62,10,5,56.0
1820,24,63,1,6,0.0
1821,24,64,1,3,0.0
1822,24,65,2,6,16.665
1823,24,66,11,5,60.0
1824,24,67,3,5,26.666666666666668
1825,24,68,3,3,44.446666666666665
1826,24,69,1,5,0.0
1827,24,70,1,5,0.0
1828,24,71,17,5,57.64705882352941
1829,24,72,18,6,61.11055555555556
1830,24,73,1,4,0.0
1831,24,74,12,5,53.333333333333336
1832,24,75,1,6,0.0
1833,24,77,1,5,0.0
1834,24,78,1,2,0.0
1835,24,79,1,8,0.0
1836,24,80,10,5,56.0
1837,24,81,12,6,50.00083333333334
1838,24,82,1,3,0.0
1839,24,83,3,6,22.22
1840,24,84,7,4,53.57142857142857
1841,24,87,1,4,0.0
1842,24,88,1,1,0.0
1843,24,89,1,2,0.0
1844,24,90,3,5,26.666666666666668
1845,24,91,1,2,0.0
1846,24,93,4,7,28.57
1847,24,94,3,5,26.666666666666668
1848,24,95,1,7,0.0
1849,24,96,17,7,45.37823529411765
1850,24,97,3,4,33.333333333333336
1851,24,98,1,1,0.0
1852,26,27,1,2,0.0
1853,26,28,2,3,33.335
1854,26,30,7,4,67.85714285714286
1855,26,31,27,7,45.502592592592606
1856,26,32,25,7,57.711999999999996
1857,26,33,1,3,0.0
1858,26,34,2,4,25.0
1859,26,35,1,1,0.0
1860,26,36,9,5,42.22222222222222
1861,26,38,2,4,25.0
1862,26,39,2,4,25.0
1863,26,40,9,4,52.77777777777778
1864,26,41,9,4,52.77777777777778
1865,26,42,7,4,67.85714285714286
1866,26,43,2,4,25.0
1867,26,44,3,3,44.446666666666665
1868,26,45,1,4,0.0
1869,26,46,3,3,44.446666666666665
1870,26,48,12,4,64.58333333333333
1871,26,50,38,5,65.78947368421052
1872,26,51,24,5,91.66666666666667
1873,26,52,2,2,50.0
1874,26,55,26,6,87.82038461538461
1875,26,56,2,4,25.0
1876,26,57,2,5,20.0
1877,26,58,27,6,53.086296296296304
1878,26,59,12,5,51.666666666666664
1879,26,60,3,3,44.446666666666665
1880,26,62,8,4,71.875
1881,26,63,1,6,0.0
1882,26,64,117,8,53.63247863247863
1883,26,65,26,6,69.87038461538462
1884,26,66,25,5,66.4
1885,26,67,2,6,16.665
1886,26,68,12,4,64.58333333333333
1887,26,69,3,4,33.333333333333336
1888,26,70,23,5,60.869565217391305
1889,26,71,4,3,58.335
1890,26,72,1,4,0.0
1891,26,73,26,6,87.82038461538461
1892,26,74,1,1,0.0
1893,26,75,25,6,67.3348
1894,26,77,1,5,0.0
1895,26,78,9,4,58.333333333333336
1896,26,79,1,8,0.0
1897,26,80,2,4,25.0
1898,26,81,28,6,71.43000000000002
1899,26,82,117,8,53.63247863247863
1900,26,83,2,7,14.285
1901,26,84,1,2,0.0
1902,26,87,1,4,0.0
1903,26,88,63,6,62.96301587301588
1904,26,89,27,6,53.086296296296304
1905,26,90,1,3,0.0
1906,26,91,117,7,61.29367521367523
1907,26,93,1,5,0.0
1908,26,94,2,6,16.665
1909,26,95,1,7,0.0
1910,26,96,2,3,33.335
1911,26,97,6,4,62.5
1912,26,98,36,5,63.888888888888886
1913,27,28,3,4,41.666666666666664
1914,27,30,4,2,75.0
1915,27,31,15,6,48.889333333333326
1916,27,32,19,5,54.73684210526316
1917,27,33,1,1,0.0
1918,27,34,2,2,50.0
1919,27,35,1,1,0.0
1920,27,36,4,4,37.5
1921,27,38,2,2,50.0
1922,27,39,2,2,50.0
1923,27,40,4,3,50.0025
1924,27,41,4,3,50.0025
1925,27,42,4,2,75.0
1926,27,43,3,5,33.333333333333336
1927,27,44,1,2,0.0
1928,27,45,1,2,0.0
1929,27,46,2,2,50.0
1930,27,48,7,3,76.19142857142857
1931,27,50,2,3,33.335
1932,27,51,3,3,55.55666666666667
1933,27,52,1,1,0.0
1934,27,55,5,4,55.0
1935,27,56,2,2,50.0
1936,27,57,2,3,33.335
1937,27,58,15,5,58.666666666666664
1938,27,59,7,4,57.142857142857146
1939,27,60,2,2,50.0
1940,27,62,5,2,80.0
1941,27,63,1,4,0.0
1942,27,64,64,7,57.588906249999994
1943,27,65,20,4,70.0
1944,27,66,16,3,85.4175
1945,27,67,2,4,25.0
1946,27,68,12,3,86.11166666666668
1947,27,69,3,2,66.66666666666667
1948,27,70,17,3,88.23588235294119
1949,27,71,1,1,0.0
1950,27,72,1,2,0.0
1951,27,73,5,4,55.0
1952,27,74,2,2,50.0
1953,27,75,19,4,68.42105263157895
1954,27,77,1,3,0.0
1955,27,78,5,3,66.668
1956,27,79,1,6,0.0
1957,27,80,2,2,50.0
1958,27,81,19,4,68.42105263157895
1959,27,82,64,7,57.588906249999994
1960,27,83,2,5,20.0
1961,27,84,1,1,0.0
1962,27,87,1,2,0.0
1963,27,88,34,5,70.0
1964,27,89,15,5,58.666666666666664
1965,27,90,1,1,0.0
1966,27,91,64,6,67.1871875
1967,27,93,1,3,0.0
1968,27,94,2,4,25.0
1969,27,95,1,5,0.0
1970,27,96,3,4,41.666666666666664
1971,27,97,3,2,66.66666666666667
1972,27,98,19,4,72.36842105263158
1973,28,30,1,5,0.0
1974,28,31,12,8,39.583333333333336
1975,28,32,2,8,12.5
1976,28,33,4,5,45.0
1977,28,34,9,6,51.85111111111111
1978,28,35,2,4,25.0
1979,28,36,5,6,33.332
1980,28,38,8,6,47.91625
1981,28,39,16,6,64.58250000000001
1982,28,40,5,5,40.0
1983,28,41,5,5,40.0
1984,28,42,1,5,0.0
1985,28,43,1,3,0.0
1986,28,44,2,4,25.0
1987,28,45,5,6,46.666
1988,28,46,1,4,0.0
1989,28,48,5,5,52.0
1990,28,50,17,6,52.940588235294115
1991,28,51,9,6,50.0
1992,28,52,1,3,0.0
1993,28,55,9,7,42.85666666666666
1994,28,56,9,6,51.85111111111111
1995,28,57,20,7,46.429
1996,28,58,12,7,45.23833333333334
1997,28,59,5,6,43.334
1998,28,60,1,4,0.0
1999,28,62,1,5,0.0
2000,28,63,16,8,62.5
2001,28,64,53,9,48.008301886792445
2002,28,65,2,7,14.285
2003,28,66,3,6,22.22
2004,28,67,46,8,56.79347826086956
2005,28,68,5,5,52.0
2006,28,69,14,6,55.95142857142857
2007,28,70,2,6,16.665
2008,28,71,1,4,0.0
2009,28,72,5,6,46.666
2010,28,73,9,7,42.85666666666666
2011,28,74,1,2,0.0
2012,28,75,2,7,14.285
2013,28,77,13,7,42.857692307692304
2014,28,78,4,5,45.0
2015,28,79,15,10,48.666666666666664
2016,28,80,12,6,59.72083333333334
2017,28,81,3,7,19.046666666666667
2018,28,82,53,9,48.008301886792445
2019,28,83,46,9,50.48369565217392
2020,28,84,5,4,50.0
2021,28,87,8,6,60.415
2022,28,88,29,7,54.186896551724146
2023,28,89,12,7,45.23833333333334
2024,28,90,4,5,45.0
2025,28,91,53,8,54.009433962264154
2026,28,93,5,7,40.0
2027,28,94,46,8,56.79347826086956
2028,28,95,15,9,54.07599999999999
2029,28,96,1,2,0.0
2030,28,97,1,5,0.0
2031,28,98,17,6,52.940588235294115
2032,30,31,4,6,33.332499999999996
2033,30,32,9,4,58.333333333333336
2034,30,33,1,1,0.0
2035,30,34,1,1,0.0
2036,30,35,4,3,50.0025
2037,30,36,16,5,71.25
2038,30,38,7,3,76.19142857142857
2039,30,39,7,2,85.71428571428571
2040,30,40,5,4,65.0
2041,30,41,16,4,89.0625
2042,30,42,1,1,0.0
2043,30,43,1,6,0.0
2044,30,44,9,4,66.66666666666667
2045,30,45,1,1,0.0
2046,30,46,3,3,55.55666666666667
2047,30,48,1,3,0.0
2048,30,50,9,3,66.66888888888889
2049,30,51,1,2,0.0
2050,30,52,1,2,0.0
2051,30,55,2,3,50.0
2052,30,56,3,2,66.66666666666667
2053,30,57,3,2,66.66666666666667
2054,30,58,4,5,40.0
2055,30,59,1,4,0.0
2056,30,60,3,3,55.55666666666667
2057,30,62,1,1,0.0
2058,30,63,3,3,44.446666666666665
2059,30,64,16,7,45.535625
2060,30,65,11,3,81.8190909090909
2061,30,66,1,1,0.0
2062,30,67,1,3,0.0
2063,30,68,1,2,0.0
2064,30,69,5,2,80.0
2065,30,70,6,2,83.33333333333333
2066,30,71,1,1,0.0
2067,30,72,1,1,0.0
2068,30,73,2,3,50.0
2069,30,74,1,3,0.0
2070,30,75,9,3,77.77888888888889
2071,30,77,2,2,50.0
2072,30,78,2,3,50.0
2073,30,79,2,5,20.0
2074,30,80,1,1,0.0
2075,30,81,1,2,0.0
2076,30,82,16,7,45.535625
2077,30,83,1,4,0.0
2078,30,84,1,2,0.0
2079,30,87,1,1,0.0
2080,30,88,8,5,52.5
2081,30,89,4,5,40.0
2082,30,90,1,1,0.0
2083,30,91,16,6,53.124375
2084,30,93,1,2,0.0
2085,30,94,1,3,0.0
2086,30,95,2,4,25.0
2087,30,96,1,5,0.0
2088,30,97,1,1,0.0
2089,30,98,4,4,50.0
2090,31,32,1,8,0.0
2091,31,33,10,6,46.66700000000001
2092,31,34,7,7,32.652857142857144
2093,31,35,15,7,41.904
2094,31,36,3,5,26.666666666666668
2095,31,38,6,7,30.953333333333337
2096,31,39,6,5,43.333333333333336
2097,31,40,5,4,55.0
2098,31,41,3,4,33.333333333333336
2099,31,42,10,6,46.66700000000001
2100,31,43,12,9,35.18416666666667
2101,31,44,11,5,52.72727272727273
2102,31,45,4,7,28.57
2103,31,46,1,4,0.0
2104,31,48,1,3,0.0
2105,31,50,2,4,25.0
2106,31,51,1,4,0.0
2107,31,52,6,5,43.333333333333336
2108,31,55,1,5,0.0
2109,31,56,15,7,49.52400000000001
2110,31,57,27,7,52.910000000000004
2111,31,58,2,2,50.0
2112,31,59,1,3,0.0
2113,31,60,2,4,25.0
2114,31,62,10,6,46.66700000000001
2115,31,63,1,7,0.0
2116,31,64,1,2,0.0
2117,31,65,2,7,14.285
2118,31,66,11,6,48.48545454545455
2119,31,67,3,6,22.22
2120,31,68,3,4,33.333333333333336
2121,31,69,1,6,0.0
2122,31,70,1,6,0.0
2123,31,71,15,6,48.889333333333326
2124,31,72,18,7,52.38111111111112
2125,31,73,1,5,0.0
2126,31,74,9,6,44.44444444444444
2127,31,75,1,7,0.0
2128,31,77,1,6,0.0
2129,31,78,1,3,0.0
2130,31,79,1,9,0.0
2131,31,80,10,6,46.66700000000001
2132,31,81,12,7,44.04749999999999
2133,31,82,1,2,0.0
2134,31,83,3,7,19.046666666666667
2135,31,84,6,5,43.333333333333336
2136,31,87,1,5,0.0
2137,31,88,2,2,50.0
2138,31,89,1,1,0.0
2139,31,90,3,6,22.22
2140,31,91,1,1,0.0
2141,31,93,4,8,25.0
2142,31,94,3,6,22.22
2143,31,95,1,8,0.0
2144,31,96,12,8,39.583333333333336
2145,31,97,3,5,26.666666666666668
2146,31,98,3,3,55.55666666666667
2147,32,33,6,4,58.333333333333336
2148,32,34,22,5,58.18181818181818
2149,32,35,19,6,57.01947368421052
2150,32,36,9,7,39.68333333333334
2151,32,38,3,5,26.666666666666668
2152,32,39,7,4,57.142857142857146
2153,32,40,76,7,62.029210526315794
2154,32,41,9,6,46.29555555555556
2155,32,42,1,3,0.0
2156,32,43,2,9,11.11
2157,32,44,54,7,69.83925925925925
2158,32,45,18,5,58.888888888888886
2159,32,46,21,6,56.34904761904762
2160,32,48,18,6,51.852222222222224
2161,32,50,8,5,42.5
2162,32,51,1,4,0.0
2163,32,52,2,5,20.0
2164,32,55,3,5,40.0
2165,32,56,1,3,0.0
2166,32,57,1,2,0.0
2167,32,58,1,7,0.0
2168,32,59,19,7,66.16473684210526
2169,32,60,22,6,57.57545454545454
2170,32,62,1,3,0.0
2171,32,63,4,4,37.5
2172,32,64,4,9,19.4425
2173,32,65,1,2,0.0
2174,32,66,2,3,33.335
2175,32,67,2,5,20.0
2176,32,68,17,5,54.11764705882353
2177,32,69,1,3,0.0
2178,32,70,1,2,0.0
2179,32,71,2,4,25.0
2180,32,72,4,4,43.75
2181,32,73,3,5,40.0
2182,32,74,2,6,16.665
2183,32,75,1,1,0.0
2184,32,77,3,3,44.446666666666665
2185,32,78,1,5,0.0
2186,32,79,1,5,0.0
2187,32,80,2,3,33.335
2188,32,81,1,3,0.0
2189,32,82,4,9,19.4425
2190,32,83,2,6,16.665
2191,32,84,2,5,20.0
2192,32,87,1,3,0.0
2193,32,88,2,7,14.285
2194,32,89,1,7,0.0
2195,32,90,4,4,37.5
2196,32,91,4,8,21.875
2197,32,93,18,6,49.07444444444445
2198,32,94,2,5,20.0
2199,32,95,1,4,0.0
2200,32,96,2,8,12.5
2201,32,97,9,4,58.333333333333336
2202,32,98,1,6,0.0
2203,33,34,3,2,66.66666666666667
2204,33,35,1,2,0.0
2205,33,36,1,4,0.0
2206,33,38,2,2,50.0
2207,33,39,1,1,0.0
2208,33,40,14,4,75.0
2209,33,41,1,3,0.0
2210,33,42,1,1,0.0
2211,33,43,4,6,37.5
2212,33,44,1,3,0.0
2213,33,45,2,2,50.0
2214,33,46,6,3,72.22333333333334
2215,33,48,2,3,33.335
2216,33,50,1,2,0.0
2217,33,51,2,2,50.0
2218,33,52,2,2,50.0
2219,33,55,3,3,55.55666666666667
2220,33,56,4,2,75.0
2221,33,57,1,2,0.0
2222,33,58,10,5,56.0
2223,33,59,2,4,25.0
2224,33,60,6,3,72.22333333333334
2225,33,62,1,1,0.0
2226,33,63,1,3,0.0
2227,33,64,40,7,55.35675
2228,33,65,7,3,80.95285714285716
2229,33,66,6,2,83.33333333333333
2230,33,67,1,3,0.0
2231,33,68,2,2,50.0
2232,33,69,1,1,0.0
2233,33,70,5,2,80.0
2234,33,71,1,1,0.0
2235,33,72,3,2,66.66666666666667
2236,33,73,3,3,55.55666666666667
2237,33,74,3,3,55.55666666666667
2238,33,75,6,3,77.77833333333334
2239,33,77,1,2,0.0
2240,33,78,5,3,66.668
2241,33,79,1,5,0.0
2242,33,80,1,1,0.0
2243,33,81,8,3,83.33375000000001
2244,33,82,40,7,55.35675
2245,33,83,1,4,0.0
2246,33,84,2,2,50.0
2247,33,87,1,1,0.0
2248,33,88,20,5,67.0
2249,33,89,10,5,56.0
2250,33,90,1,1,0.0
2251,33,91,40,6,64.58324999999999
2252,33,93,2,3,33.335
2253,33,94,1,3,0.0
2254,33,95,1,4,0.0
2255,33,96,4,5,45.0
2256,33,97,1,1,0.0
2257,33,98,10,4,70.0
2258,34,35,2,3,33.335
2259,34,36,42,6,69.04619047619046
2260,34,38,1,3,0.0
2261,34,39,16,3,85.4175
2262,34,40,20,5,67.0
2263,34,41,42,5,82.85714285714286
2264,34,42,2,2,50.0
2265,34,43,9,7,44.44444444444444
2266,34,44,2,4,25.0
2267,34,45,1,1,0.0
2268,34,46,12,4,70.83333333333333
2269,34,48,2,4,25.0
2270,34,50,19,4,68.42105263157895
2271,34,51,1,3,0.0
2272,34,52,5,3,66.668
2273,34,55,2,4,37.5
2274,34,56,3,2,66.66666666666667
2275,34,57,6,3,72.22333333333334
2276,34,58,7,6,38.09428571428571
2277,34,59,2,5,20.0
2278,34,60,12,4,70.83333333333333
2279,34,62,3,2,66.66666666666667
2280,34,63,3,4,33.333333333333336
2281,34,64,28,8,42.410714285714285
2282,34,65,24,4,75.0
2283,34,66,1,2,0.0
2284,34,67,1,4,0.0
2285,34,68,2,3,33.335
2286,34,69,1,2,0.0
2287,34,70,16,3,85.4175
2288,34,71,3,2,66.66666666666667
2289,34,72,1,1,0.0
2290,34,73,2,4,37.5
2291,34,74,7,4,64.28571428571429
2292,34,75,22,4,72.72727272727273
2293,34,77,2,3,33.335
2294,34,78,3,4,58.333333333333336
2295,34,79,2,6,16.665
2296,34,80,3,2,66.66666666666667
2297,34,81,1,3,0.0
2298,34,82,28,8,42.410714285714285
2299,34,83,1,5,0.0
2300,34,84,5,3,66.668
2301,34,87,1,2,0.0
2302,34,88,14,6,47.61857142857143
2303,34,89,7,6,38.09428571428571
2304,34,90,1,1,0.0
2305,34,91,28,7,48.46928571428571
2306,34,93,1,2,0.0
2307,34,94,1,4,0.0
2308,34,95,2,5,20.0
2309,34,96,9,6,51.851111111111116
2310,34,97,2,2,50.0
2311,34,98,7,5,45.714285714285715
2312,35,36,4,5,30.0
2313,35,38,2,3,33.335
2314,35,39,2,3,33.335
2315,35,40,4,4,37.5
2316,35,41,4,4,37.5
2317,35,42,4,3,50.0025
2318,35,43,2,5,20.0
2319,35,44,1,3,0.0
2320,35,45,1,3,0.0
2321,35,46,2,3,33.335
2322,35,48,7,4,57.142857142857146
2323,35,50,2,4,25.0
2324,35,51,3,4,41.666666666666664
2325,35,52,1,2,0.0
2326,35,55,5,5,44.0
2327,35,56,2,3,33.335
2328,35,57,2,4,25.0
2329,35,58,15,6,48.889333333333326
2330,35,59,7,5,45.714285714285715
2331,35,60,2,3,33.335
2332,35,62,5,3,53.336
2333,35,63,1,5,0.0
2334,35,64,64,8,50.390625
2335,35,65,20,5,56.0
2336,35,66,16,4,64.0625
2337,35,67,2,5,20.0
2338,35,68,12,4,64.58333333333333
2339,35,69,3,3,44.446666666666665
2340,35,70,17,4,66.17647058823529
2341,35,71,1,2,0.0
2342,35,72,1,3,0.0
2343,35,73,5,5,44.0
2344,35,74,1,2,0.0
2345,35,75,19,5,68.42105263157895
2346,35,77,1,4,0.0
2347,35,78,5,4,50.0
2348,35,79,1,7,0.0
2349,35,80,2,3,33.335
2350,35,81,19,5,54.73684210526316
2351,35,82,64,8,50.390625
2352,35,83,2,6,16.665
2353,35,84,1,2,0.0
2354,35,87,1,3,0.0
2355,35,88,34,6,58.3335294117647
2356,35,89,15,6,48.889333333333326
2357,35,90,1,2,0.0
2358,35,91,64,7,57.588906249999994
2359,35,93,1,4,0.0
2360,35,94,2,5,20.0
2361,35,95,1,6,0.0
2362,35,96,2,4,25.0
2363,35,97,3,3,44.446666666666665
2364,35,98,19,5,57.89473684210526
2365,36,38,1,5,0.0
2366,36,39,1,3,0.0
2367,36,40,1,2,0.0
2368,36,41,1,1,0.0
2369,36,42,1,4,0.0
2370,36,43,5,7,28.572000000000003
2371,36,44,1,2,0.0
2372,36,45,26,6,67.94730769230767
2373,36,46,1,3,0.0
2374,36,48,1,2,0.0
2375,36,50,1,2,0.0
2376,36,51,2,3,33.335
2377,36,52,1,3,0.0
2378,36,55,2,4,25.0
2379,36,56,1,5,0.0
2380,36,57,2,5,20.0
2381,36,58,3,4,33.333333333333336
2382,36,59,1,3,0.0
2383,36,60,3,3,44.446666666666665
2384,36,62,1,4,0.0
2385,36,63,5,6,36.666
2386,36,64,13,6,44.871538461538464
2387,36,65,13,6,46.153076923076924
2388,36,66,1,4,0.0
2389,36,67,7,5,54.285714285714285
2390,36,68,5,3,53.336
2391,36,69,7,5,42.857142857142854
2392,36,70,7,5,42.857142857142854
2393,36,71,2,4,25.0
2394,36,72,1,5,0.0
2395,36,73,2,4,25.0
2396,36,74,3,4,33.333333333333336
2397,36,75,9,6,38.88777777777778
2398,36,77,4,5,45.0
2399,36,78,1,2,0.0
2400,36,79,4,8,28.125
2401,36,80,1,4,0.0
2402,36,81,1,5,0.0
2403,36,82,13,6,44.871538461538464
2404,36,83,7,6,45.23857142857143
2405,36,84,1,3,0.0
2406,36,87,3,4,41.666666666666664
2407,36,88,7,4,53.57142857142857
2408,36,89,3,4,33.333333333333336
2409,36,90,16,5,63.75
2410,36,91,13,5,53.84615384615385
2411,36,93,26,7,58.24192307692309
2412,36,94,7,5,54.285714285714285
2413,36,95,4,7,32.1425
2414,36,96,5,6,33.332
2415,36,97,6,4,45.833333333333336
2416,36,98,4,3,50.0025
2417,38,39,1,2,0.0
2418,38,40,17,5,64.70588235294117
2419,38,41,1,4,0.0
2420,38,42,1,2,0.0
2421,38,43,8,7,41.07125
2422,38,44,2,4,25.0
2423,38,45,17,4,76.47058823529412
2424,38,46,9,4,63.888888888888886
2425,38,48,1,4,0.0
2426,38,50,1,3,0.0
2427,38,51,1,3,0.0
2428,38,52,4,3,58.335
2429,38,55,2,4,25.0
2430,38,56,3,3,44.446666666666665
2431,38,57,11,4,79.54545454545455
2432,38,58,6,6,36.11
2433,38,59,1,5,0.0
2434,38,60,9,4,63.888888888888886
2435,38,62,1,2,0.0
2436,38,63,13,5,52.30769230769231
2437,38,64,24,8,41.145833333333336
2438,38,65,3,4,33.333333333333336
2439,38,66,2,3,33.335
2440,38,67,1,4,0.0
2441,38,68,1,3,0.0
2442,38,69,1,2,0.0
2443,38,70,3,3,44.446666666666665
2444,38,71,2,2,50.0
2445,38,72,22,4,80.68181818181819
2446,38,73,2,4,25.0
2447,38,74,6,4,58.333333333333336
2448,38,75,3,4,33.333333333333336
2449,38,77,11,4,77.27272727272727
2450,38,78,3,4,33.333333333333336
2451,38,79,14,7,43.877142857142864
2452,38,80,5,3,73.334
2453,38,81,2,4,25.0
2454,38,82,24,8,41.145833333333336
2455,38,83,1,5,0.0
2456,38,84,4,3,58.335
2457,38,87,6,3,77.77833333333334
2458,38,88,12,6,45.833333333333336
2459,38,89,6,6,36.11
2460,38,90,1,2,0.0
2461,38,91,24,7,47.02375
2462,38,93,17,5,61.1764705882353
2463,38,94,1,4,0.0
2464,38,95,14,6,51.1907142857143
2465,38,96,8,6,47.916250000000005
2466,38,97,8,3,79.1675
2467,38,98,6,5,43.333333333333336
2468,39,40,5,3,66.668
2469,39,41,1,2,0.0
2470,39,42,1,1,0.0
2471,39,43,16,7,55.3575
2472,39,44,2,3,50.0
2473,39,45,11,3,81.8190909090909
2474,39,46,1,2,0.0
2475,39,48,1,2,0.0
2476,39,50,1,1,0.0
2477,39,51,1,1,0.0
2478,39,52,10,3,83.33399999999999
2479,39,55,2,2,50.0
2480,39,56,1,2,0.0
2481,39,57,2,2,50.0
2482,39,58,6,4,54.166666666666664
2483,39,59,1,3,0.0
2484,39,60,1,2,0.0
2485,39,62,1,1,0.0
2486,39,63,3,3,44.446666666666665
2487,39,64,24,6,54.861250000000005
2488,39,65,9,3,77.77888888888889
2489,39,66,1,1,0.0
2490,39,67,1,2,0.0
2491,39,68,1,1,0.0
2492,39,69,5,2,80.0
2493,39,70,5,2,80.0
2494,39,71,5,2,80.0
2495,39,72,1,2,0.0
2496,39,73,2,2,50.0
2497,39,74,13,4,80.76923076923077
2498,39,75,7,3,76.19142857142857
2499,39,77,2,2,50.0
2500,39,78,3,2,66.66666666666667
2501,39,79,2,5,20.0
2502,39,80,1,1,0.0
2503,39,81,1,2,0.0
2504,39,82,24,6,54.861250000000005
2505,39,83,1,3,0.0
2506,39,84,10,3,83.33399999999999
2507,39,87,1,1,0.0
2508,39,88,12,4,68.75
2509,39,89,6,4,54.166666666666664
2510,39,90,5,2,80.0
2511,39,91,24,5,65.83333333333333
2512,39,93,11,4,61.36363636363637
2513,39,94,1,2,0.0
2514,39,95,2,4,25.0
2515,39,96,16,6,64.5825
2516,39,97,1,1,0.0
2517,39,98,6,3,72.22333333333334
2518,40,41,1,1,0.0
2519,40,42,10,4,80.0
2520,40,43,5,6,33.332
2521,40,44,1,1,0.0
2522,40,45,11,5,61.81818181818182
2523,40,46,1,2,0.0
2524,40,48,1,1,0.0
2525,40,50,2,2,50.0
2526,40,51,10,3,80.001
2527,40,52,1,2,0.0
2528,40,55,10,4,60.0
2529,40,56,25,5,72.8
2530,40,57,19,5,58.94736842105263
2531,40,58,4,3,58.335
2532,40,59,1,2,0.0
2533,40,60,2,2,50.0
2534,40,62,10,4,80.0
2535,40,63,34,6,57.352941176470594
2536,40,64,1,4,0.0
2537,40,65,102,6,74.99980392156863
2538,40,66,8,4,65.625
2539,40,67,35,5,77.14285714285714
2540,40,68,3,2,66.66666666666667
2541,40,69,72,5,83.05555555555556
2542,40,70,57,5,88.0701754385965
2543,40,71,2,3,33.335
2544,40,72,22,5,78.18181818181819
2545,40,73,10,4,60.0
2546,40,74,3,3,44.446666666666665
2547,40,75,76,6,78.94631578947369
2548,40,77,26,5,69.23076923076923
2549,40,78,5,2,80.0
2550,40,79,26,8,43.26923076923077
2551,40,80,8,4,65.625
2552,40,81,8,5,52.5
2553,40,82,1,4,0.0
2554,40,83,35,6,64.28542857142857
2555,40,84,1,2,0.0
2556,40,87,18,4,77.77777777777777
2557,40,88,1,2,0.0
2558,40,89,4,3,58.335
2559,40,90,9,4,63.888888888888886
2560,40,91,1,3,0.0
2561,40,93,11,6,51.51454545454545
2562,40,94,35,5,77.14285714285714
2563,40,95,26,7,49.45076923076924
2564,40,96,5,5,40.0
2565,40,97,3,3,44.446666666666665
2566,40,98,1,1,0.0
2567,41,42,1,3,0.0
2568,41,43,5,6,33.332
2569,41,44,1,1,0.0
2570,41,45,26,5,81.53846153846153
2571,41,46,1,2,0.0
2572,41,48,1,1,0.0
2573,41,50,1,1,0.0
2574,41,51,2,2,50.0
2575,41,52,1,2,0.0
2576,41,55,2,3,33.335
2577,41,56,1,4,0.0
2578,41,57,2,4,25.0
2579,41,58,3,3,44.446666666666665
2580,41,59,1,2,0.0
2581,41,60,3,2,66.66666666666667
2582,41,62,1,3,0.0
2583,41,63,5,5,44.0
2584,41,64,13,5,53.84615384615385
2585,41,65,13,5,55.38461538461539
2586,41,66,1,3,0.0
2587,41,67,7,4,67.85714285714286
2588,41,68,5,2,80.0
2589,41,69,7,4,53.57142857142857
2590,41,70,7,4,53.57142857142857
2591,41,71,2,3,33.335
2592,41,72,1,4,0.0
2593,41,73,2,3,33.335
2594,41,74,3,3,44.446666666666665
2595,41,75,9,5,46.666666666666664
2596,41,77,4,4,56.25
2597,41,78,1,1,0.0
2598,41,79,4,7,32.1425
2599,41,80,1,3,0.0
2600,41,81,1,4,0.0
2601,41,82,13,5,53.84615384615385
2602,41,83,7,5,54.285714285714285
2603,41,84,1,2,0.0
2604,41,87,3,3,55.55666666666667
2605,41,88,7,3,71.42999999999999
2606,41,89,3,3,44.446666666666665
2607,41,90,16,4,79.6875
2608,41,91,13,4,67.3076923076923
2609,41,93,26,6,67.94730769230767
2610,41,94,7,4,67.85714285714286
2611,41,95,4,6,37.5
2612,41,96,5,5,40.0
2613,41,97,6,3,61.11333333333334
2614,41,98,4,2,75.0
2615,42,43,1,6,0.0
2616,42,44,11,4,72.72727272727273
2617,42,45,1,2,0.0
2618,42,46,4,3,66.6675
2619,42,48,2,3,33.335
2620,42,50,1,2,0.0
2621,42,51,2,2,50.0
2622,42,52,1,2,0.0
2623,42,55,4,3,58.335
2624,42,56,4,2,75.0
2625,42,57,4,2,75.0
2626,42,58,10,5,56.0
2627,42,59,2,4,25.0
2628,42,60,4,3,66.6675
2629,42,62,1,1,0.0
2630,42,63,4,3,50.0025
2631,42,64,40,7,55.35675
2632,42,65,1,2,0.0
2633,42,66,1,1,0.0
2634,42,67,2,3,33.335
2635,42,68,2,2,50.0
2636,42,69,1,1,0.0
2637,42,70,1,1,0.0
2638,42,71,1,1,0.0
2639,42,72,3,2,66.66666666666667
2640,42,73,4,3,58.335
2641,42,74,1,3,0.0
2642,42,75,1,2,0.0
2643,42,77,3,2,66.66666666666667
2644,42,78,5,3,66.668
2645,42,79,4,5,40.0
2646,42,80,1,1,0.0
2647,42,81,1,2,0.0
2648,42,82,40,7,55.35675
2649,42,83,2,4,25.0
2650,42,84,1,2,0.0
2651,42,87,1,1,0.0
2652,42,88,20,5,67.0
2653,42,89,10,5,56.0
2654,42,90,1,1,0.0
2655,42,91,40,6,64.58324999999999
2656,42,93,1,3,0.0
2657,42,94,2,3,33.335
2658,42,95,4,4,50.0
2659,42,96,1,5,0.0
2660,42,97,1,1,0.0
2661,42,98,10,4,70.0
2662,43,44,2,5,20.0
2663,43,45,5,7,40.0
2664,43,46,1,5,0.0
2665,43,48,5,6,43.334
2666,43,50,17,7,45.37823529411765
2667,43,51,9,7,42.85666666666666
2668,43,52,1,4,0.0
2669,43,55,9,8,37.5
2670,43,56,9,7,44.44444444444444
2671,43,57,20,8,40.625
2672,43,58,12,8,39.583333333333336
2673,43,59,5,7,37.141999999999996
2674,43,60,1,5,0.0
2675,43,62,1,6,0.0
2676,43,63,16,9,55.557500000000005
2677,43,64,53,10,43.20754716981132
2678,43,65,2,8,12.5
2679,43,66,3,7,19.046666666666667
2680,43,67,46,9,50.48369565217392
2681,43,68,5,6,43.334
2682,43,69,14,7,47.95928571428572
2683,43,70,2,7,14.285
2684,43,71,1,5,0.0
2685,43,72,5,7,40.0
2686,43,73,9,8,37.5
2687,43,74,1,3,0.0
2688,43,75,2,8,12.5
2689,43,77,13,8,37.5
2690,43,78,4,6,37.5
2691,43,79,15,11,44.242666666666665
2692,43,80,12,7,51.19083333333333
2693,43,81,3,8,16.666666666666668
2694,43,82,53,10,43.20754716981132
2695,43,83,46,10,45.43478260869565
2696,43,84,5,5,40.0
2697,43,87,8,7,51.78625
2698,43,88,29,8,47.41379310344828
2699,43,89,12,8,39.583333333333336
2700,43,90,4,6,37.5
2701,43,91,53,9,48.008301886792445
2702,43,93,5,8,35.0
2703,43,94,46,9,50.48369565217392
2704,43,95,15,10,48.666666666666664
2705,43,96,1,1,0.0
2706,43,97,1,6,0.0
2707,43,98,17,7,45.37823529411765
2708,44,45,1,4,0.0
2709,44,46,9,3,66.66888888888889
2710,44,48,3,2,66.66666666666667
2711,44,50,1,2,0.0
2712,44,51,4,3,66.6675
2713,44,52,2,2,50.0
2714,44,55,4,4,50.0
2715,44,56,2,4,25.0
2716,44,57,9,5,60.0
2717,44,58,10,4,60.0
2718,44,59,3,3,44.446666666666665
2719,44,60,1,2,0.0
2720,44,62,12,4,70.83333333333333
2721,44,63,14,6,60.713571428571434
2722,44,64,1,5,0.0
2723,44,65,65,6,81.28184615384615
2724,44,66,3,4,58.333333333333336
2725,44,67,14,5,71.42857142857143
2726,44,68,1,2,0.0
2727,44,69,3,4,33.333333333333336
2728,44,70,45,5,80.88888888888889
2729,44,71,5,3,66.668
2730,44,72,1,4,0.0
2731,44,73,4,4,50.0
2732,44,74,1,2,0.0
2733,44,75,54,6,81.4811111111111
2734,44,77,11,5,72.72727272727273
2735,44,78,2,2,50.0
2736,44,79,11,8,45.45454545454545
2737,44,80,5,4,70.0
2738,44,81,3,5,46.666666666666664
2739,44,82,1,5,0.0
2740,44,83,14,6,59.52357142857143
2741,44,84,2,2,50.0
2742,44,87,8,4,87.5
2743,44,88,1,3,0.0
2744,44,89,10,4,60.0
2745,44,90,1,3,0.0
2746,44,91,1,4,0.0
2747,44,93,1,5,0.0
2748,44,94,14,5,71.42857142857143
2749,44,95,11,7,51.94818181818182
2750,44,96,2,4,25.0
2751,44,97,1,3,0.0
2752,44,98,1,2,0.0
2753,45,46,7,4,64.28571428571429
2754,45,48,1,4,0.0
2755,45,50,13,4,67.3076923076923
2756,45,51,1,3,0.0
2757,45,52,3,3,55.55666666666667
2758,45,55,2,4,37.5
2759,45,56,2,2,50.0
2760,45,57,6,3,72.22333333333334
2761,45,58,4,6,33.332499999999996
2762,45,59,1,5,0.0
2763,45,60,7,4,64.28571428571429
2764,45,62,2,2,50.0
2765,45,63,3,4,33.333333333333336
2766,45,64,16,8,39.84375
2767,45,65,20,4,76.25
2768,45,66,1,2,0.0
2769,45,67,1,4,0.0
2770,45,68,1,3,0.0
2771,45,69,12,3,80.55666666666667
2772,45,70,12,3,83.33416666666666
2773,45,71,2,2,50.0
2774,45,72,1,1,0.0
2775,45,73,2,4,37.5
2776,45,74,4,4,56.25
2777,45,75,18,4,73.61111111111111
2778,45,77,2,3,33.335
2779,45,78,2,4,37.5
2780,45,79,2,6,16.665
2781,45,80,3,2,66.66666666666667
2782,45,81,1,3,0.0
2783,45,82,16,8,39.84375
2784,45,83,1,5,0.0
2785,45,84,3,3,55.55666666666667
2786,45,87,1,2,0.0
2787,45,88,8,6,43.748749999999994
2788,45,89,4,6,33.332499999999996
2789,45,90,4,2,75.0
2790,45,91,16,7,45.535625
2791,45,93,1,1,0.0
2792,45,94,1,4,0.0
2793,45,95,2,5,20.0
2794,45,96,5,6,46.666
2795,45,97,1,2,0.0
2796,45,98,4,5,55.0
2797,46,48,1,1,0.0
2798,46,50,1,2,0.0
2799,46,51,1,2,0.0
2800,46,52,1,1,0.0
2801,46,55,1,3,0.0
2802,46,56,13,4,73.07692307692308
2803,46,57,5,4,50.0
2804,46,58,1,3,0.0
2805,46,59,1,2,0.0
2806,46,60,1,1,0.0
2807,46,62,4,3,66.6675
2808,46,63,7,5,42.857142857142854
2809,46,64,4,5,35.0
2810,46,65,26,5,68.46153846153847
2811,46,66,2,3,33.335
2812,46,67,4,4,50.0
2813,46,68,1,1,0.0
2814,46,69,27,4,81.48148148148148
2815,46,70,16,4,68.75
2816,46,71,2,2,50.0
2817,46,72,10,4,75.0
2818,46,73,1,3,0.0
2819,46,74,1,2,0.0
2820,46,75,21,5,67.61904761904762
2821,46,77,5,4,50.0
2822,46,78,3,2,66.66666666666667
2823,46,79,5,7,28.572000000000003
2824,46,80,2,3,33.335
2825,46,81,2,4,25.0
2826,46,82,4,5,35.0
2827,46,83,4,5,40.0
2828,46,84,1,1,0.0
2829,46,87,3,3,44.446666666666665
2830,46,88,2,3,33.335
2831,46,89,1,3,0.0
2832,46,90,5,3,66.668
2833,46,91,4,4,43.75
2834,46,93,7,5,51.42857142857143
2835,46,94,4,4,50.0
2836,46,95,5,6,33.332
2837,46,96,1,4,0.0
2838,46,97,1,2,0.0
2839,46,98,1,2,0.0
2840,48,50,4,2,75.0
2841,48,51,2,2,50.0
2842,48,52,3,2,66.66666666666667
2843,48,55,2,3,33.335
2844,48,56,3,4,41.666666666666664
2845,48,57,5,4,50.0
2846,48,58,1,2,0.0
2847,48,59,1,1,0.0
2848,48,60,1,1,0.0
2849,48,62,2,3,33.335
2850,48,63,8,5,47.5
2851,48,64,4,4,43.75
2852,48,65,24,5,65.83333333333333
2853,48,66,2,3,33.335
2854,48,67,7,4,67.85714285714286
2855,48,68,1,1,0.0
2856,48,69,12,4,62.5
2857,48,70,13,4,61.53846153846154
2858,48,71,7,3,71.42999999999999
2859,48,72,4,4,50.0
2860,48,73,2,3,33.335
2861,48,74,4,3,66.6675
2862,48,75,18,5,62.22222222222222
2863,48,77,6,4,58.333333333333336
2864,48,78,1,1,0.0
2865,48,79,6,7,33.333333333333336
2866,48,80,2,3,33.335
2867,48,81,2,4,25.0
2868,48,82,4,4,43.75
2869,48,83,7,5,54.285714285714285
2870,48,84,3,2,66.66666666666667
2871,48,87,4,3,58.33500000000001
2872,48,88,2,2,50.0
2873,48,89,1,2,0.0
2874,48,90,1,3,0.0
2875,48,91,4,3,58.33500000000001
2876,48,93,1,5,0.0
2877,48,94,7,4,67.85714285714286
2878,48,95,6,6,38.88833333333333
2879,48,96,5,5,52.0
2880,48,97,1,2,0.0
2881,48,98,1,1,0.0
2882,50,51,1,1,0.0
2883,50,52,7,3,71.42999999999999
2884,50,55,1,2,0.0
2885,50,56,1,3,0.0
2886,50,57,2,3,33.335
2887,50,58,2,3,33.335
2888,50,59,6,3,72.22333333333334
2889,50,60,2,2,50.0
2890,50,62,1,2,0.0
2891,50,63,4,4,43.75
2892,50,64,8,5,47.5
2893,50,65,11,4,61.36363636363637
2894,50,66,1,2,0.0
2895,50,67,4,3,66.6675
2896,50,68,1,1,0.0
2897,50,69,6,3,61.11333333333334
2898,50,70,6,3,61.11333333333334
2899,50,71,6,3,61.11333333333334
2900,50,72,1,3,0.0
2901,50,73,1,2,0.0
2902,50,74,12,4,66.66666666666667
2903,50,75,8,4,53.125
2904,50,77,3,3,55.55666666666667
2905,50,78,1,1,0.0
2906,50,79,3,6,27.776666666666667
2907,50,80,1,2,0.0
2908,50,81,1,3,0.0
2909,50,82,8,5,47.5
2910,50,83,4,4,50.0
2911,50,84,7,3,71.42999999999999
2912,50,87,2,2,50.0
2913,50,88,4,3,58.335
2914,50,89,2,3,33.335
2915,50,90,6,3,61.11333333333334
2916,50,91,8,4,59.375
2917,50,93,13,5,53.84615384615385
2918,50,94,4,3,66.6675
2919,50,95,3,5,33.333333333333336
2920,50,96,17,6,52.940588235294115
2921,50,97,2,2,50.0
2922,50,98,2,2,50.0
2923,51,52,5,3,60.001999999999995
2924,51,55,1,1,0.0
2925,51,56,4,3,66.6675
2926,51,57,8,3,70.83500000000001
2927,51,58,1,3,0.0
2928,51,59,3,3,55.55666666666667
2929,51,60,2,2,50.0
2930,51,62,2,2,50.0
2931,51,63,1,3,0.0
2932,51,64,4,5,35.0
2933,51,65,2,3,33.335
2934,51,66,3,2,66.66666666666667
2935,51,67,3,2,66.66666666666667
2936,51,68,1,1,0.0
2937,51,69,1,2,0.0
2938,51,70,1,2,0.0
2939,51,71,11,3,78.78909090909092
2940,51,72,4,3,58.33500000000001
2941,51,73,1,1,0.0
2942,51,74,7,4,60.714285714285715
2943,51,75,1,3,0.0
2944,51,77,1,2,0.0
2945,51,78,1,1,0.0
2946,51,79,1,5,0.0
2947,51,80,2,2,50.0
2948,51,81,4,3,58.335
2949,51,82,4,5,35.0
2950,51,83,3,3,44.446666666666665
2951,51,84,5,3,60.001999999999995
2952,51,87,1,1,0.0
2953,51,88,2,3,33.335
2954,51,89,1,3,0.0
2955,51,90,12,3,80.55666666666667
2956,51,91,4,4,43.75
2957,51,93,1,4,0.0
2958,51,94,3,2,66.66666666666667
2959,51,95,1,4,0.0
2960,51,96,9,6,49.99999999999999
2961,51,97,3,2,66.66666666666667
2962,51,98,1,2,0.0
2963,52,55,5,4,45.0
2964,52,56,5,3,66.668
2965,52,57,16,4,79.6875
2966,52,58,6,4,54.166666666666664
2967,52,59,3,3,44.446666666666665
2968,52,60,1,1,0.0
2969,52,62,1,2,0.0
2970,52,63,14,5,70.0
2971,52,64,25,6,55.333600000000004
2972,52,65,2,4,25.0
2973,52,66,3,3,44.446666666666665
2974,52,67,28,5,65.71428571428571
2975,52,68,3,2,66.66666666666667
2976,52,69,8,3,75.00125
2977,52,70,2,3,33.335
2978,52,71,1,1,0.0
2979,52,72,3,3,55.55666666666667
2980,52,73,5,4,45.0
2981,52,74,1,1,0.0
2982,52,75,2,4,25.0
2983,52,77,11,4,77.27272727272727
2984,52,78,2,2,50.0
2985,52,79,13,7,48.35153846153845
2986,52,80,8,3,79.1675
2987,52,81,3,4,33.333333333333336
2988,52,82,25,6,55.333600000000004
2989,52,83,28,6,54.7625
2990,52,84,1,1,0.0
2991,52,87,6,3,77.77833333333334
2992,52,88,13,4,69.23076923076923
2993,52,89,6,4,54.166666666666664
2994,52,90,2,2,50.0
2995,52,91,25,5,66.4
2996,52,93,3,4,41.666666666666664
2997,52,94,28,5,65.71428571428571
2998,52,95,13,6,56.41076923076923
2999,52,96,1,3,0.0
3000,52,97,1,2,0.0
3001,52,98,7,3,71.43
3002,55,56,6,4,66.66666666666667
3003,55,57,1,3,0.0
3004,55,58,1,4,0.0
3005,55,59,3,4,41.666666666666664
3006,55,60,2,3,33.335
3007,55,62,3,3,55.55666666666667
3008,55,63,3,4,41.666666666666664
3009,55,64,4,6,29.165
3010,55,65,5,4,60.0
3011,55,66,1,2,0.0
3012,55,67,1,1,0.0
3013,55,68,1,2,0.0
3014,55,69,1,3,0.0
3015,55,70,2,3,50.0
3016,55,71,19,4,72.36842105263158
3017,55,72,8,4,68.75
3018,55,73,1,1,0.0
3019,55,74,7,5,48.57142857142857
3020,55,75,3,4,50.0
3021,55,77,2,3,50.0
3022,55,78,1,2,0.0
3023,55,79,2,6,25.0
3024,55,80,4,3,58.335
3025,55,81,1,3,0.0
3026,55,82,4,6,29.165
3027,55,83,1,2,0.0
3028,55,84,5,4,45.0
3029,55,87,1,2,0.0
3030,55,88,2,4,25.0
3031,55,89,1,4,0.0
3032,55,90,20,4,73.75
3033,55,91,4,5,35.0
3034,55,93,2,5,30.0
3035,55,94,1,1,0.0
3036,55,95,2,5,30.0
3037,55,96,9,7,42.85666666666666
3038,55,97,5,3,66.668
3039,55,98,1,3,0.0
3040,56,57,1,2,0.0
3041,56,58,15,6,57.77733333333333
3042,56,59,3,5,33.333333333333336
3043,56,60,13,4,73.07692307692308
3044,56,62,1,1,0.0
3045,56,63,1,3,0.0
3046,56,64,60,8,56.458333333333336
3047,56,65,1,2,0.0
3048,56,66,1,2,0.0
3049,56,67,2,4,37.5
3050,56,68,3,3,55.55666666666667
3051,56,69,1,1,0.0
3052,56,70,1,1,0.0
3053,56,71,3,2,66.66666666666667
3054,56,72,1,2,0.0
3055,56,73,6,4,66.66666666666667
3056,56,74,7,4,64.28571428571429
3057,56,75,1,2,0.0
3058,56,77,1,2,0.0
3059,56,78,8,4,68.75
3060,56,79,2,5,20.0
3061,56,80,3,2,66.66666666666667
3062,56,81,3,3,44.446666666666665
3063,56,82,60,8,56.458333333333336
3064,56,83,2,5,30.0
3065,56,84,5,3,66.668
3066,56,87,3,2,66.66666666666667
3067,56,88,30,6,66.66633333333333
3068,56,89,15,6,57.77733333333333
3069,56,90,1,1,0.0
3070,56,91,60,7,64.523
3071,56,93,2,3,33.335
3072,56,94,2,4,37.5
3073,56,95,2,4,25.0
3074,56,96,9,6,51.851111111111116
3075,56,97,2,2,50.0
3076,56,98,15,5,69.33333333333333
3077,57,58,27,6,61.72814814814814
3078,57,59,5,5,40.0
3079,57,60,5,4,50.0
3080,57,62,2,2,50.0
3081,57,63,2,2,50.0
3082,57,64,108,8,59.14351851851852
3083,57,65,1,1,0.0
3084,57,66,1,1,0.0
3085,57,67,1,3,0.0
3086,57,68,5,3,66.668
3087,57,69,1,2,0.0
3088,57,70,1,1,0.0
3089,57,71,14,3,83.33428571428571
3090,57,72,2,2,50.0
3091,57,73,1,3,0.0
3092,57,74,18,5,77.77777777777777
3093,57,75,1,1,0.0
3094,57,77,1,1,0.0
3095,57,78,15,4,75.0
3096,57,79,2,4,25.0
3097,57,80,1,1,0.0
3098,57,81,1,1,0.0
3099,57,82,108,8,59.14351851851852
3100,57,83,1,4,0.0
3101,57,84,16,4,79.6875
3102,57,87,5,2,80.0
3103,57,88,54,6,70.36999999999999
3104,57,89,27,6,61.72814814814814
3105,57,90,16,3,85.4175
3106,57,91,108,7,67.59166666666668
3107,57,93,6,4,54.166666666666664
3108,57,94,1,3,0.0
3109,57,95,2,3,33.335
3110,57,96,20,7,64.99849999999998
3111,57,97,3,2,66.66666666666667
3112,57,98,27,5,74.07407407407408
3113,58,59,1,2,0.0
3114,58,60,2,3,33.335
3115,58,62,10,5,56.0
3116,58,63,1,6,0.0
3117,58,64,1,2,0.0
3118,58,65,2,6,16.665
3119,58,66,11,5,58.18181818181818
3120,58,67,3,5,26.666666666666668
3121,58,68,3,3,44.446666666666665
3122,58,69,1,5,0.0
3123,58,70,1,5,0.0
3124,58,71,15,5,58.666666666666664
3125,58,72,18,6,61.11055555555556
3126,58,73,1,4,0.0
3127,58,74,9,5,53.333333333333336
3128,58,75,1,6,0.0
3129,58,77,1,5,0.0
3130,58,78,1,2,0.0
3131,58,79,1,8,0.0
3132,58,80,10,5,56.0
3133,58,81,12,6,51.389166666666675
3134,58,82,1,2,0.0
3135,58,83,3,6,22.22
3136,58,84,6,4,54.166666666666664
3137,58,87,1,4,0.0
3138,58,88,1,1,0.0
3139,58,89,1,1,0.0
3140,58,90,3,5,26.666666666666668
3141,58,91,1,1,0.0
3142,58,93,4,7,28.57
3143,58,94,3,5,26.666666666666668
3144,58,95,1,7,0.0
3145,58,96,12,7,45.23833333333334
3146,58,97,3,4,33.333333333333336
3147,58,98,2,2,50.0
3148,59,60,1,2,0.0
3149,59,62,2,4,25.0
3150,59,63,9,6,64.81444444444443
3151,59,64,3,4,33.333333333333336
3152,59,65,26,6,58.333846153846146
3153,59,66,2,4,25.0
3154,59,67,10,5,66.0
3155,59,68,1,2,0.0
3156,59,69,13,5,81.53846153846153
3157,59,70,14,5,52.857142857142854
3158,59,71,7,4,53.57142857142857
3159,59,72,4,5,40.0
3160,59,73,3,4,41.666666666666664
3161,59,74,4,4,50.0
3162,59,75,19,6,77.19157894736841
3163,59,77,7,5,65.71428571428571
3164,59,78,2,2,50.0
3165,59,79,7,8,41.07142857142857
3166,59,80,2,4,25.0
3167,59,81,2,5,20.0
3168,59,82,3,4,33.333333333333336
3169,59,83,10,6,55.0
3170,59,84,3,3,44.446666666666665
3171,59,87,5,4,65.0
3172,59,88,1,2,0.0
3173,59,89,1,2,0.0
3174,59,90,1,4,0.0
3175,59,91,3,3,44.446666666666665
3176,59,93,1,6,0.0
3177,59,94,10,5,66.0
3178,59,95,7,7,46.93857142857143
3179,59,96,5,6,43.334
3180,59,97,1,3,0.0
3181,59,98,2,2,50.0
3182,60,62,4,3,66.6675
3183,60,63,8,5,47.5
3184,60,64,8,5,47.5
3185,60,65,28,5,70.71428571428571
3186,60,66,2,3,33.335
3187,60,67,7,4,67.85714285714286
3188,60,68,1,1,0.0
3189,60,69,28,4,82.14285714285714
3190,60,70,17,4,70.58823529411765
3191,60,71,2,2,50.0
3192,60,72,10,4,75.0
3193,60,73,2,3,33.335
3194,60,74,1,2,0.0
3195,60,75,22,5,69.0909090909091
3196,60,77,6,4,58.333333333333336
3197,60,78,1,1,0.0
3198,60,79,6,7,33.333333333333336
3199,60,80,2,3,33.335
3200,60,81,2,4,25.0
3201,60,82,8,5,47.5
3202,60,83,7,5,54.285714285714285
3203,60,84,1,1,0.0
3204,60,87,4,3,58.33500000000001
3205,60,88,4,3,58.335
3206,60,89,2,3,33.335
3207,60,90,5,3,66.668
3208,60,91,8,4,59.375
3209,60,93,7,5,51.42857142857143
3210,60,94,7,4,67.85714285714286
3211,60,95,6,6,38.88833333333333
3212,60,96,1,4,0.0
3213,60,97,1,2,0.0
3214,60,98,2,2,50.0
3215,62,63,2,3,33.335
3216,62,64,40,7,55.35675
3217,62,65,1,2,0.0
3218,62,66,7,2,85.71428571428571
3219,62,67,1,3,0.0
3220,62,68,2,2,50.0
3221,62,69,1,1,0.0
3222,62,70,1,1,0.0
3223,62,71,1,1,0.0
3224,62,72,3,2,66.66666666666667
3225,62,73,3,3,55.55666666666667
3226,62,74,1,3,0.0
3227,62,75,1,2,0.0
3228,62,77,2,2,50.0
3229,62,78,5,3,66.668
3230,62,79,3,5,33.333333333333336
3231,62,80,1,1,0.0
3232,62,81,11,3,81.8190909090909
3233,62,82,40,7,55.35675
3234,62,83,1,4,0.0
3235,62,84,1,2,0.0
3236,62,87,1,1,0.0
3237,62,88,20,5,67.0
3238,62,89,10,5,56.0
3239,62,90,1,1,0.0
3240,62,91,40,6,64.58324999999999
3241,62,93,2,3,33.335
3242,62,94,1,3,0.0
3243,62,95,3,4,41.666666666666664
3244,62,96,1,5,0.0
3245,62,97,1,1,0.0
3246,62,98,10,4,70.0
3247,63,64,4,8,21.875
3248,63,65,1,2,0.0
3249,63,66,2,2,50.0
3250,63,67,2,4,25.0
3251,63,68,7,4,53.57142857142857
3252,63,69,2,3,33.335
3253,63,70,1,2,0.0
3254,63,71,13,4,61.53846153846154
3255,63,72,15,4,65.0
3256,63,73,3,4,41.666666666666664
3257,63,74,15,6,71.11066666666666
3258,63,75,4,3,50.0025
3259,63,77,1,1,0.0
3260,63,78,1,4,0.0
3261,63,79,1,4,0.0
3262,63,80,6,3,61.11333333333334
3263,63,81,1,1,0.0
3264,63,82,4,8,21.875
3265,63,83,2,5,20.0
3266,63,84,14,5,70.0
3267,63,87,1,2,0.0
3268,63,88,2,6,16.665
3269,63,89,1,6,0.0
3270,63,90,16,4,64.0625
3271,63,91,4,7,25.0
3272,63,93,3,5,26.666666666666668
3273,63,94,2,4,25.0
3274,63,95,1,3,0.0
3275,63,96,16,8,62.5
3276,63,97,3,3,44.446666666666665
3277,63,98,1,5,0.0
3278,64,65,8,8,29.6875
3279,64,66,44,7,56.817727272727254
3280,64,67,12,7,36.905
3281,64,68,12,5,51.666666666666664
3282,64,69,4,7,25.0
3283,64,70,4,7,25.0
3284,64,71,62,7,57.142419354838694
3285,64,72,72,8,58.854166666666664
3286,64,73,4,6,29.165
3287,64,74,39,7,54.578461538461546
3288,64,75,4,8,21.875
3289,64,77,4,7,25.0
3290,64,78,4,4,43.75
3291,64,79,4,10,17.5
3292,64,80,40,7,55.35674999999999
3293,64,81,48,8,51.822916666666664
3294,64,82,1,1,0.0
3295,64,83,12,8,32.291666666666664
3296,64,84,25,6,55.333600000000004
3297,64,87,4,6,29.165
3298,64,88,1,2,0.0
3299,64,89,1,2,0.0
3300,64,90,12,7,36.905
3301,64,91,1,1,0.0
3302,64,93,16,9,35.415
3303,64,94,12,7,36.905
3304,64,95,4,9,19.4425
3305,64,96,53,9,48.008301886792474
3306,64,97,12,6,43.055
3307,64,98,1,3,0.0
3308,65,66,3,2,66.66666666666667
3309,65,67,3,4,33.333333333333336
3310,65,68,22,4,72.72727272727273
3311,65,69,1,2,0.0
3312,65,70,1,1,0.0
3313,65,71,2,3,33.335
3314,65,72,4,3,58.335
3315,65,73,5,4,60.0
3316,65,74,2,5,20.0
3317,65,75,1,1,0.0
3318,65,77,1,1,0.0
3319,65,78,2,4,25.0
3320,65,79,1,3,0.0
3321,65,80,2,2,50.0
3322,65,81,2,2,50.0
3323,65,82,8,8,29.6875
3324,65,83,3,5,26.666666666666668
3325,65,84,2,4,25.0
3326,65,87,2,2,50.0
3327,65,88,4,6,29.165
3328,65,89,2,6,16.665
3329,65,90,4,3,50.0025
3330,65,91,8,7,33.92875
3331,65,93,20,5,61.0
3332,65,94,3,4,33.333333333333336
3333,65,95,1,2,0.0
3334,65,96,2,7,14.285
3335,65,97,11,3,81.8190909090909
3336,65,98,2,5,20.0
3337,66,67,1,2,0.0
3338,66,68,2,2,50.0
3339,66,69,3,2,66.66666666666667
3340,66,70,1,1,0.0
3341,66,71,3,2,66.66666666666667
3342,66,72,3,2,66.66666666666667
3343,66,73,1,2,0.0
3344,66,74,3,4,33.333333333333336
3345,66,75,2,2,50.0
3346,66,77,1,1,0.0
3347,66,78,6,3,72.22333333333334
3348,66,79,1,4,0.0
3349,66,80,1,1,0.0
3350,66,81,1,1,0.0
3351,66,82,44,7,56.81772727272726
3352,66,83,1,3,0.0
3353,66,84,3,3,44.446666666666665
3354,66,87,1,1,0.0
3355,66,88,22,5,69.0909090909091
3356,66,89,11,5,58.18181818181818
3357,66,90,3,2,66.66666666666667
3358,66,91,44,6,66.28772727272727
3359,66,93,1,3,0.0
3360,66,94,1,2,0.0
3361,66,95,1,3,0.0
3362,66,96,3,6,22.22
3363,66,97,1,1,0.0
3364,66,98,11,4,75.0
3365,67,68,4,3,66.6675
3366,67,69,11,4,63.63636363636363
3367,67,70,1,3,0.0
3368,67,71,8,4,53.125
3369,67,72,4,4,50.0
3370,67,73,1,1,0.0
3371,67,74,37,6,65.76594594594594
3372,67,75,2,4,25.0
3373,67,77,1,3,0.0
3374,67,78,3,3,44.446666666666665
3375,67,79,1,6,0.0
3376,67,80,2,3,33.335
3377,67,81,1,3,0.0
3378,67,82,12,7,36.905
3379,67,83,3,3,44.446666666666665
3380,67,84,28,5,65.71428571428571
3381,67,87,5,3,66.668
3382,67,88,6,5,40.0
3383,67,89,3,5,26.666666666666668
3384,67,90,8,4,53.125
3385,67,91,12,6,43.05500000000001
3386,67,93,1,5,0.0
3387,67,94,3,2,66.66666666666667
3388,67,95,1,5,0.0
3389,67,96,46,8,56.79347826086956
3390,67,97,2,3,33.335
3391,67,98,3,4,33.333333333333336
3392,68,69,11,3,78.78909090909092
3393,68,70,12,3,77.77916666666667
3394,68,71,1,2,0.0
3395,68,72,4,3,58.33500000000001
3396,68,73,1,2,0.0
3397,68,74,4,3,66.6675
3398,68,75,17,4,67.6470588235294
3399,68,77,5,3,66.668
3400,68,78,1,1,0.0
3401,68,79,5,6,33.332
3402,68,80,2,2,50.0
3403,68,81,2,3,33.335
3404,68,82,12,5,51.666666666666664
3405,68,83,4,4,50.0
3406,68,84,3,2,66.66666666666667
3407,68,87,3,2,66.66666666666667
3408,68,88,6,3,66.66833333333334
3409,68,89,3,3,44.446666666666665
3410,68,90,1,2,0.0
3411,68,91,12,4,64.58333333333333
3412,68,93,1,4,0.0
3413,68,94,4,3,66.6675
3414,68,95,5,5,40.0
3415,68,96,5,5,52.0
3416,68,97,1,1,0.0
3417,68,98,3,2,66.66666666666667
3418,69,70,1,1,0.0
3419,69,71,5,2,80.0
3420,69,72,18,3,85.18611111111112
3421,69,73,1,3,0.0
3422,69,74,11,4,70.45454545454545
3423,69,75,1,2,0.0
3424,69,77,2,2,50.0
3425,69,78,1,3,0.0
3426,69,79,3,5,33.333333333333336
3427,69,80,5,2,80.0
3428,69,81,6,3,72.22333333333334
3429,69,82,4,7,25.0
3430,69,83,11,5,50.90909090909091
3431,69,84,8,3,75.00125
3432,69,87,1,1,0.0
3433,69,88,2,5,20.0
3434,69,89,1,5,0.0
3435,69,90,1,1,0.0
3436,69,91,4,6,29.165
3437,69,93,12,4,60.416666666666664
3438,69,94,11,4,63.63636363636363
3439,69,95,3,4,41.666666666666664
3440,69,96,14,6,55.951428571428586
3441,69,97,5,2,80.0
3442,69,98,1,4,0.0
3443,70,71,2,2,50.0
3444,70,72,2,2,50.0
3445,70,73,2,3,50.0
3446,70,74,2,4,25.0
3447,70,75,1,1,0.0
3448,70,77,1,1,0.0
3449,70,78,1,3,0.0
3450,70,79,2,4,25.0
3451,70,80,1,1,0.0
3452,70,81,3,2,66.66666666666667
3453,70,82,4,7,25.0
3454,70,83,1,4,0.0
3455,70,84,2,3,33.335
3456,70,87,1,1,0.0
3457,70,88,2,5,20.0
3458,70,89,1,5,0.0
3459,70,90,4,2,75.0
3460,70,91,4,6,29.165
3461,70,93,12,4,62.5
3462,70,94,1,3,0.0
3463,70,95,2,3,33.335
3464,70,96,2,6,16.665
3465,70,97,6,2,83.33333333333333
3466,70,98,1,4,0.0
3467,71,72,2,2,50.0
3468,71,73,19,4,72.36842105263158
3469,71,74,1,2,0.0
3470,71,75,2,3,33.335
3471,71,77,10,3,80.001
3472,71,78,5,3,66.668
3473,71,79,12,6,51.39000000000001
3474,71,80,6,2,83.33333333333333
3475,71,81,3,3,44.446666666666665
3476,71,82,62,7,57.142419354838694
3477,71,83,8,5,42.5
3478,71,84,1,1,0.0
3479,71,87,5,2,80.0
3480,71,88,32,5,69.375
3481,71,89,15,5,58.666666666666664
3482,71,90,1,1,0.0
3483,71,91,62,6,66.66661290322581
3484,71,93,2,3,33.335
3485,71,94,8,4,53.125
3486,71,95,12,5,61.666666666666664
3487,71,96,1,4,0.0
3488,71,97,1,1,0.0
3489,71,98,17,4,72.05882352941177
3490,72,73,8,4,68.75
3491,72,74,4,4,56.25
3492,72,75,4,3,58.335
3493,72,77,10,3,76.668
3494,72,78,9,4,72.22222222222223
3495,72,79,14,6,48.809999999999995
3496,72,80,1,1,0.0
3497,72,81,5,3,66.668
3498,72,82,72,8,58.854166666666664
3499,72,83,4,5,40.0
3500,72,84,3,3,55.55666666666667
3501,72,87,3,2,66.66666666666667
3502,72,88,36,6,69.90694444444445
3503,72,89,18,6,61.11055555555556
3504,72,90,3,2,66.66666666666667
3505,72,91,72,7,67.26097222222221
3506,72,93,1,2,0.0
3507,72,94,4,4,50.0
3508,72,95,14,5,58.57142857142857
3509,72,96,5,6,46.666
3510,72,97,3,2,66.66666666666667
3511,72,98,18,5,73.33333333333333
3512,73,74,7,5,48.57142857142857
3513,73,75,3,4,50.0
3514,73,77,2,3,50.0
3515,73,78,1,2,0.0
3516,73,79,2,6,25.0
3517,73,80,4,3,58.335
3518,73,81,1,3,0.0
3519,73,82,4,6,29.165
3520,73,83,1,2,0.0
3521,73,84,5,4,45.0
3522,73,87,1,2,0.0
3523,73,88,2,4,25.0
3524,73,89,1,4,0.0
3525,73,90,20,4,73.75
3526,73,91,4,5,35.0
3527,73,93,2,5,30.0
3528,73,94,1,1,0.0
3529,73,95,2,5,30.0
3530,73,96,9,7,42.85666666666666
3531,73,97,5,3,66.668
3532,73,98,1,3,0.0
3533,74,75,2,5,20.0
3534,74,77,12,5,76.66666666666667
3535,74,78,3,3,55.55666666666667
3536,74,79,14,8,51.785714285714285
3537,74,80,10,4,75.0
3538,74,81,3,5,26.666666666666668
3539,74,82,39,7,54.57846153846154
3540,74,83,37,7,56.370270270270275
3541,74,84,3,2,66.66666666666667
3542,74,87,7,4,75.0
3543,74,88,21,5,65.71428571428571
3544,74,89,9,5,53.333333333333336
3545,74,90,3,3,55.55666666666667
3546,74,91,39,6,63.674871794871784
3547,74,93,4,5,45.0
3548,74,94,37,6,65.76594594594594
3549,74,95,14,7,59.18285714285715
3550,74,96,1,2,0.0
3551,74,97,1,3,0.0
3552,74,98,12,4,66.66666666666667
3553,75,77,3,2,66.66666666666667
3554,75,78,1,4,0.0
3555,75,79,1,4,0.0
3556,75,80,2,2,50.0
3557,75,81,1,2,0.0
3558,75,82,4,8,21.875
3559,75,83,2,5,20.0
3560,75,84,2,4,25.0
3561,75,87,1,2,0.0
3562,75,88,2,6,16.665
3563,75,89,1,6,0.0
3564,75,90,4,3,50.0025
3565,75,91,4,7,25.0
3566,75,93,18,5,58.888888888888886
3567,75,94,2,4,25.0
3568,75,95,1,3,0.0
3569,75,96,2,7,14.285
3570,75,97,9,3,77.77888888888889
3571,75,98,1,5,0.0
3572,77,78,1,3,0.0
3573,77,79,1,3,0.0
3574,77,80,4,2,75.0
3575,77,81,1,1,0.0
3576,77,82,4,7,25.0
3577,77,83,1,4,0.0
3578,77,84,11,4,77.27272727272727
3579,77,87,1,1,0.0
3580,77,88,2,5,20.0
3581,77,89,1,5,0.0
3582,77,90,13,3,84.61615384615385
3583,77,91,4,6,29.165
3584,77,93,2,4,25.0
3585,77,94,1,3,0.0
3586,77,95,1,2,0.0
3587,77,96,13,7,64.83384615384615
3588,77,97,2,2,50.0
3589,77,98,1,4,0.0
3590,78,79,1,6,0.0
3591,78,80,5,3,66.668
3592,78,81,7,4,60.714285714285715
3593,78,82,4,4,43.75
3594,78,83,3,4,33.333333333333336
3595,78,84,2,2,50.0
3596,78,87,1,2,0.0
3597,78,88,2,2,50.0
3598,78,89,1,2,0.0
3599,78,90,1,3,0.0
3600,78,91,4,3,58.33500000000001
3601,78,93,2,5,30.0
3602,78,94,3,3,44.446666666666665
3603,78,95,1,5,0.0
3604,78,96,4,5,45.0
3605,78,97,1,2,0.0
3606,78,98,1,1,0.0
3607,79,80,6,5,43.333333333333336
3608,79,81,1,4,0.0
3609,79,82,4,10,17.5
3610,79,83,1,7,0.0
3611,79,84,13,7,48.35153846153847
3612,79,87,1,4,0.0
3613,79,88,2,8,12.5
3614,79,89,1,8,0.0
3615,79,90,17,6,50.00058823529412
3616,79,91,4,9,19.4425
3617,79,93,2,7,14.285
3618,79,94,1,6,0.0
3619,79,95,1,1,0.0
3620,79,96,15,10,48.666666666666664
3621,79,97,2,5,20.0
3622,79,98,1,7,0.0
3623,80,81,2,2,50.0
3624,80,82,40,7,55.35675
3625,80,83,2,4,25.0
3626,80,84,8,3,79.1675
3627,80,87,1,1,0.0
3628,80,88,20,5,67.0
3629,80,89,10,5,56.0
3630,80,90,6,2,83.33333333333333
3631,80,91,40,6,64.58324999999999
3632,80,93,3,3,44.446666666666665
3633,80,94,2,3,33.335
3634,80,95,6,4,54.166666666666664
3635,80,96,12,6,59.72083333333334
3636,80,97,1,1,0.0
3637,80,98,10,4,70.0
3638,81,82,48,8,51.822916666666664
3639,81,83,1,4,0.0
3640,81,84,3,4,33.333333333333336
3641,81,87,2,2,50.0
3642,81,88,24,6,60.416666666666664
3643,81,89,12,6,51.38916666666666
3644,81,90,3,3,44.446666666666665
3645,81,91,48,7,59.225625
3646,81,93,1,4,0.0
3647,81,94,1,3,0.0
3648,81,95,1,3,0.0
3649,81,96,3,7,19.046666666666667
3650,81,97,1,2,0.0
3651,81,98,12,5,60.0
3652,82,83,12,8,32.291666666666664
3653,82,84,25,6,55.333600000000004
3654,82,87,4,6,29.165
3655,82,88,1,2,0.0
3656,82,89,1,2,0.0
3657,82,90,12,7,36.905
3658,82,91,1,1,0.0
3659,82,93,16,9,35.415
3660,82,94,12,7,36.905
3661,82,95,4,9,19.4425
3662,82,96,53,9,48.008301886792474
3663,82,97,12,6,43.055
3664,82,98,1,3,0.0
3665,83,84,28,6,54.762499999999996
3666,83,87,5,4,50.0
3667,83,88,6,6,33.33166666666667
3668,83,89,3,6,22.22
3669,83,90,8,5,42.5
3670,83,91,12,7,36.905
3671,83,93,1,6,0.0
3672,83,94,1,1,0.0
3673,83,95,1,6,0.0
3674,83,96,46,9,50.48369565217392
3675,83,97,2,4,25.0
3676,83,98,3,5,26.666666666666668
3677,84,87,6,3,77.77833333333334
3678,84,88,13,4,69.23076923076923
3679,84,89,6,4,54.166666666666664
3680,84,90,2,2,50.0
3681,84,91,25,5,66.4
3682,84,93,3,4,41.666666666666664
3683,84,94,28,5,65.71428571428571
3684,84,95,13,6,56.41076923076923
3685,84,96,5,4,50.0
3686,84,97,1,2,0.0
3687,84,98,7,3,71.43
3688,87,88,2,4,25.0
3689,87,89,1,4,0.0
3690,87,90,6,2,83.33333333333333
3691,87,91,4,5,35.0
3692,87,93,1,3,0.0
3693,87,94,5,3,66.668
3694,87,95,1,3,0.0
3695,87,96,8,6,60.41499999999999
3696,87,97,1,1,0.0
3697,87,98,1,3,0.0
3698,88,89,1,1,0.0
3699,88,90,6,5,40.0
3700,88,91,1,1,0.0
3701,88,93,8,7,37.5
3702,88,94,6,5,40.0
3703,88,95,2,7,14.285
3704,88,96,29,7,54.186896551724146
3705,88,97,6,4,50.0
3706,88,98,1,1,0.0
3707,89,90,3,5,26.666666666666668
3708,89,91,1,1,0.0
3709,89,93,4,7,28.57
3710,89,94,3,5,26.666666666666668
3711,89,95,1,7,0.0
3712,89,96,12,7,45.23833333333334
3713,89,97,3,4,33.333333333333336
3714,89,98,2,2,50.0
3715,90,91,12,6,43.05500000000001
3716,90,93,4,3,50.0025
3717,90,94,8,4,53.125
3718,90,95,17,5,60.0
3719,90,96,4,5,45.0
3720,90,97,1,1,0.0
3721,90,98,3,4,33.333333333333336
3722,91,93,16,8,39.84375
3723,91,94,12,6,43.055
3724,91,95,4,8,21.875
3725,91,96,53,8,54.009433962264154
3726,91,97,12,5,51.666666666666664
3727,91,98,1,2,0.0
3728,93,94,1,5,0.0
3729,93,95,2,6,16.665
3730,93,96,5,7,40.0
3731,93,97,1,3,0.0
3732,93,98,4,6,45.835
3733,94,95,1,5,0.0
3734,94,96,46,8,56.79347826086956
3735,94,97,2,3,33.335
3736,94,98,3,4,33.333333333333336
3737,95,96,15,9,54.076000000000015
3738,95,97,2,4,25.0
3739,95,98,1,6,0.0
3740,96,97,1,5,0.0
3741,96,98,17,6,52.940588235294115
3742,97,98,3,3,44.446666666666665
